10310,Zack Wheeler,P,158.0,5.168688774108887,6.5,0,Reuben
27498,Spencer Strider,P,159.1,4.767018795013428,6.0,0,Nick
14107,Kevin Gausman,P,155.1,4.7250800132751465,6.1,0,Alden
12768,Sonny Gray,P,157.0,4.565134048461914,5.8,0,Jesse
19291,Zac Gallen,P,173.1,4.032853126525879,4.7,0,Graham
13774,Zach Eflin,P,150.2,3.9981656074523926,5.3,0,Jesse
25436,George Kirby,P,156.1,3.936490535736084,5.0,0,Graham
17312,Justin Steele,P,144.0,3.8690342903137207,5.4,0,Alden
17995,Logan Webb,P,180.1,3.8093552589416495,4.2,0,Graham
17295,Framber Valdez,P,167.2,3.792983293533325,4.5,0,Graham
13125,Gerrit Cole,P,174.0,3.589430093765259,4.1,0,Nick
17085,Pablo López,P,164.2,3.563598155975342,4.3,0,Graham
16511,Jordan Montgomery,P,152.1,3.531054139137268,4.6,0,Alden
15689,Luis Castillo,P,164.1,3.243354797363281,4.0,0,Sid
9132,Nathan Eovaldi,P,123.2,3.0796751976013184,5.0,0,Alden
16149,Aaron Nola,P,167.1,3.029141664505005,3.6,0,Benji
17594,Mitch Keller,P,163.2,2.9759109020233154,3.6,0,Sid
18525,Dylan Cease,P,148.1,2.9482102394104004,4.0,0,Nick
9803,Miles Mikolas,P,164.1,2.8841712474823,3.5,0,Alden
22250,Logan Gilbert,P,155.0,2.875591278076172,3.7,0,Graham
31838,Kodai Senga,P,136.1,2.867779493331909,4.2,0,Alden
13164,Eduardo Rodriguez,P,117.2,2.785088539123535,4.8,0,Jesse
13543,Blake Snell,P,149.0,2.7817368507385254,3.7,0,Jesse
20666,Félix Bautista,P,61.0,2.7815845012664795,9.1,0,Jesse
24586,Kyle Bradish,P,133.2,2.769636392593384,4.2,0,
8700,Justin Verlander,P,123.1,2.748475968837738,4.5,0,Reuben
19361,Corbin Burnes,P,165.0,2.716136932373047,3.3,0,Sid
18684,Sandy Alcantara,P,176.2,2.690105438232422,3.1,0,Nick
19959,Jesús Luzardo,P,149.1,2.674480438232422,3.6,0,Reuben
18679,Freddy Peralta,P,139.0,2.5689167976379395,3.7,0,Jesse
4676,Charlie Morton,P,147.2,2.566780567169189,3.5,0,Jesse
13431,Marcus Stroman,P,128.2,2.519117832183838,3.9,0,Alden
10123,Kyle Gibson,P,162.2,2.4875805377960205,3.1,0,
30134,Tanner Bibee,P,124.2,2.471721649169922,4.0,0,
21844,Braxton Garrett,P,140.0,2.4295041114091878,3.5,0,
19479,Aaron Civale,P,102.1,2.425997793674469,4.8,0,
11156,Merrill Kelly,P,141.1,2.3801474571228027,3.4,0,Alden
13074,Yu Darvish,P,136.1,2.3733110427856445,3.5,0,Nick
25880,Hunter Brown,P,133.0,2.3480666745454077,3.5,0,Jesse
19755,Shohei Ohtani,P,132.0,2.326601266860962,3.5,0,Alden
2036,Clayton Kershaw,P,112.1,2.303300380706787,4.1,0,Graham
12447,Seth Lugo,P,115.1,2.2653117179870605,3.9,0,
14168,José Berríos,P,158.0,2.2378804683685303,2.8,0,Graham
19447,Patrick Sandoval,P,123.0,2.1011626720428467,3.4,0,Sid
3137,Max Scherzer,P,138.1,2.092808485031128,3.0,0,Benji
12049,Kyle Hendricks,P,110.1,2.0810647010803223,3.8,0,
12970,Joe Musgrove,P,97.1,2.0772335529327397,4.3,0,Sid
14374,Tyler Glasnow,P,86.2,2.0748677253723145,4.8,0,Alden
20633,Yusei Kikuchi,P,139.0,2.061039686203003,3.0,0,
11836,Taijuan Walker,P,142.1,2.0420572757720947,2.9,0,Jesse
14078,Michael Wacha,P,101.1,2.0393271446228027,4.0,0,
14916,Jon Gray,P,137.2,2.0368969440460205,3.0,0,Sid
25377,Brady Singer,P,143.1,2.0230603218078613,2.8,0,Alden
19569,David Bednar,P,55.0,1.9883146286010744,7.2,0,Reuben
17586,Tanner Scott,P,61.2,1.982486605644226,6.5,0,
27483,Bobby Miller,P,87.2,1.9432324171066284,4.5,0,
6562,Alex Cobb,P,141.1,1.927202105522156,2.7,0,Alden
29911,Andrew Abbott,P,88.2,1.909028172492981,4.3,0,
13361,Steven Matz,P,105.0,1.9012950360774996,3.6,0,
29837,Bryce Miller,P,107.2,1.899847388267517,3.5,0,
17277,Ranger Suárez,P,97.1,1.881604075431824,3.9,0,Alden
22487,Johan Oviedo,P,154.1,1.877787470817566,2.4,0,
21390,Joe Ryan,P,131.0,1.856038808822632,2.8,0,Nick
21224,Bailey Ober,P,122.2,1.855810046195984,3.0,0,
14843,Michael Lorenzen,P,137.2,1.827071875333786,2.7,0,
14739,Paul Blackburn,P,84.2,1.811110258102417,4.3,0,
19899,Clarke Schmidt,P,134.1,1.7896203137934208,2.7,0,
21483,Shane McClanahan,P,115.0,1.785236954689026,3.1,0,Reuben
27779,Bryce Elder,P,149.1,1.7684344053268433,2.4,0,
12304,Chris Bassitt,P,165.1,1.7547205686569214,2.1,0,Sid
22267,Tarik Skubal,P,50.1,1.7195895910263062,6.9,0,
17479,Jack Flaherty,P,129.1,1.7084343433380127,2.6,0,Benji
10233,Aroldis Chapman,P,50.1,1.7080191671848295,6.8,0,
12808,Mike Clevinger,P,97.2,1.705706238746643,3.5,0,
13799,Matt Strahm,P,77.0,1.7046186923980713,4.4,0,
27468,Reid Detmers,P,124.0,1.7030744552612305,2.7,0,Graham
25911,Yennier Cano,P,63.1,1.6960307359695437,5.4,0,
21846,Cole Ragans,P,66.0,1.6915274560451508,5.1,0,
19409,Dane Dunning,P,140.2,1.6862797141075134,2.4,0,
21132,Alexis Díaz,P,57.2,1.684788465499878,5.9,0,Benji
15816,Devin Williams,P,49.1,1.6769282817840576,6.8,0,Jesse
25756,Matt Brash,P,57.0,1.6581584215164185,5.8,0,
19427,Shane Bieber,P,117.0,1.631500005722046,2.8,0,Benji
14212,Josh Hader,P,46.2,1.6305184364318848,7.1,0,Jesse
10603,Chris Sale,P,77.2,1.623626708984375,4.2,0,Jesse
20531,Kutter Crawford,P,103.2,1.6232853680849075,3.1,0,
21032,Emmanuel Clase,P,61.0,1.6088048219680786,5.3,0,Benji
17859,Adbert Alzolay,P,60.1,1.5962281227111816,5.3,0,
27589,Logan Allen,P,107.1,1.5773301124572754,2.9,0,
27768,Eury Pérez,P,74.0,1.56216299533844,4.2,0,
25463,Brandon Williamson,P,98.2,1.5454195737838743,3.1,0,
14765,Julio Urías,P,112.1,1.509524941444397,2.7,0,Benji
22201,MacKenzie Gore,P,132.1,1.486385464668274,2.3,0,Nick
21992,Camilo Doval,P,57.1,1.4602805376052856,5.1,0,Sid
10954,Jacob deGrom,P,30.1,1.4574321508407593,9.7,0,Reuben
23920,Brayan Bello,P,131.0,1.4482386112213137,2.2,0,Benji
24580,Josiah Gray,P,137.2,1.430200457572937,2.1,0,
21894,Gregory Santos,P,60.2,1.42991042137146,4.8,0,
25385,Drew Rasmussen,P,44.2,1.4293692111968994,6.5,0,Graham
21212,J.P. France,P,116.0,1.4242988228797913,2.5,0,
15474,Lucas Giolito,P,153.2,1.4232195019721985,1.9,0,Nick
22182,Hunter Greene,P,85.1,1.3589260578155518,3.2,0,Sid
13293,Danny Coulombe,P,41.2,1.3573758602142334,6.6,0,
11828,James Paxton,P,94.2,1.3501423597335815,2.9,0,
19531,Jason Foley,P,57.2,1.3106529712677002,4.6,0,
27552,Graham Ashcraft,P,140.2,1.3059548139572144,1.9,0,
20373,Andrés Muñoz,P,38.2,1.3008419275283811,6.8,0,Jesse
3096,Kenley Jansen,P,42.2,1.2869031429290771,6.1,0,Nick
18498,Kenta Maeda,P,78.2,1.2638018131256104,3.2,0,Nick
19867,Griffin Canning,P,98.2,1.2601000107824802,2.6,0,
13743,Max Fried,P,53.2,1.2577611207962036,4.7,0,Reuben
19716,Dustin May,P,48.0,1.235194206237793,5.1,0,Jesse
17606,Cristian Javier,P,131.1,1.219064712524414,1.9,0,Benji
16122,Jordan Romano,P,46.2,1.2041836977005005,5.2,0,Benji
17639,Justin Lawrence,P,63.1,1.2008503675460815,3.8,0,
13649,Clay Holmes,P,51.0,1.1968774795532229,4.7,0,Sid
15042,Tim Mayza,P,45.1,1.1953212022781372,5.3,0,
17130,Raisel Iglesias,P,44.2,1.1935316324234009,5.4,0,Sid
7048,Fernando Cruz,P,54.2,1.1924763917922974,4.4,0,
15145,Justin Topa,P,54.0,1.1923729181289673,4.4,0,
21267,Jake Bird,P,78.2,1.1854662895202637,3.0,0,
13942,Brent Suter,P,60.0,1.1728166341781616,3.9,0,
17734,Evan Phillips,P,50.0,1.1708474159240725,4.7,0,Jesse
20778,Cristopher Sánchez,P,75.0,1.1618361473083496,3.1,0,
11674,Jameson Taillon,P,121.2,1.1597225666046145,1.9,0,Sid
12880,Tyler Anderson,P,122.2,1.151415690779686,1.9,0,Sid
30279,Bryan Woo,P,65.0,1.1505637168884275,3.5,0,
12718,Adrian Houser,P,90.1,1.1439094580709934,2.5,0,
12857,Shawn Armstrong,P,40.2,1.1339499354362488,5.6,0,
19853,Michael King,P,73.0,1.1266678273677826,3.1,0,
11847,Chris Martin,P,44.1,1.1230597496032717,5.1,0,
22543,Taj Bradley,P,74.2,1.1227624416351318,3.0,0,
13761,Chris Stratton,P,71.2,1.1191053092479706,3.1,0,
19574,JoJo Romero,P,35.0,1.1162534952163696,6.4,0,
20367,Brusdar Graterol,P,56.2,1.1047510355710983,3.9,0,
18655,A.J. Minter,P,54.0,1.092395305633545,4.0,0,Reuben
13394,Dylan Floro,P,49.2,1.0845325291156769,4.4,0,
19350,Dean Kremer,P,150.0,1.0728377103805542,1.4,0,
15507,Hunter Harvey,P,48.2,1.071218967437744,4.4,0,
7005,Ryan Pressly,P,57.0,1.0673961639404297,3.7,0,Sid
16609,Bryan Abreu,P,61.0,1.0572891235351562,3.5,0,
19261,Ian Hamilton,P,52.1,1.0422623790800571,4.0,0,
11423,José Quintana,P,47.0,1.0326417684555054,4.4,0,Alden
16258,Aaron Bummer,P,49.2,1.0133209228515625,4.1,0,Reuben
9323,Patrick Corbin,P,154.1,1.0090053081512451,1.3,0,
17432,Jeff Hoffman,P,41.0,1.0049926042556765,4.9,0,
8048,Will Smith,P,49.1,1.0036802291870115,4.1,0,
15423,Andrew Heaney,P,127.2,0.9959232807159424,1.6,0,Reuben
18323,Josh Sborz,P,48.0,0.9754424095153807,4.1,0,
15454,Nick Pivetta,P,109.1,0.9740213602781296,1.8,0,
16587,Erik Swanson,P,58.0,0.9735234379768372,3.4,0,
15551,Mark Leiter Jr.,P,57.0,0.9697461128234864,3.4,0,
16502,Ryan Yarbrough,P,70.1,0.9688253998756408,2.8,0,
15046,Trevor Gott,P,47.2,0.965663880109787,4.1,0,
30122,Gavin Williams,P,65.0,0.964966595172882,3.0,0,
19349,Caleb Ferguson,P,50.0,0.9634070619940758,3.9,0,
14542,Carlos Estévez,P,54.0,0.9622702598571776,3.6,0,
14332,Joel Payamps,P,61.1,0.942947804927826,3.1,0,
6655,Craig Kimbrel,P,57.0,0.941884458065033,3.3,0,
24968,Reese Olson,P,72.1,0.9298518896102904,2.6,0,
13050,Anthony DeSclafani,P,99.2,0.9248110949993134,1.9,0,
12095,Yimi García,P,55.0,0.9214733242988586,3.4,0,
16703,Julian Merryweather,P,60.0,0.9213621020317078,3.1,0,
17149,Domingo Germán,P,108.2,0.9083978161215782,1.7,0,
17998,Pete Fairbanks,P,33.2,0.8897661566734314,5.4,0,Jesse
24492,Grayson Rodriguez,P,93.0,0.8893680572509766,1.9,0,
19876,Kevin Ginkel,P,54.1,0.8807187080383301,3.3,0,
16561,Austin Gomber,P,139.0,0.8806730508804321,1.3,0,
19932,Trevor Stephan,P,58.1,0.8782720565795898,3.0,0,
18337,Nick Anderson,P,35.1,0.8654134273529053,4.9,0,
20423,Ryan Walker,P,50.0,0.863101527094841,3.5,0,
18138,Ryan Helsley,P,25.0,0.8596177697181702,6.9,0,Sid
20253,Griffin Jax,P,54.1,0.8578512668609619,3.2,0,
15440,Matthew Boyd,P,71.0,0.8566269874572754,2.4,0,Graham
5448,Jesse Chavez,P,29.0,0.855052262544632,5.9,0,
25679,Kevin Kelly,P,54.1,0.8435313105583191,3.1,0,
17780,José Alvarado,P,30.0,0.8371162414550781,5.6,0,Jesse
16256,Kyle Freeland,P,140.2,0.830524742603302,1.2,0,
14874,Sam Moll,P,50.1,0.8291086256504059,3.3,0,
16835,Brennan Bernardino,P,42.1,0.823966920375824,3.9,0,
17874,Nestor Cortes,P,63.1,0.816554069519043,2.6,0,Benji
19879,Tanner Houck,P,76.2,0.8105338215827942,2.1,0,
8779,Wade Miley,P,93.2,0.8073022961616516,1.7,0,
2520,Lance Lynn,P,155.0,0.8001254796981812,1.0,0,Graham
22361,Colin Holderman,P,47.0,0.7938076257705688,3.4,0,
21029,Jhoan Duran,P,53.1,0.7902685403823853,3.0,0,Jesse
4806,Rich Hill,P,137.0,0.7894251141697168,1.2,0,
14771,Emilio Pagán,P,58.1,0.7772886753082275,2.7,0,
13892,Paul Sewald,P,52.2,0.7749005556106567,3.0,0,Jesse
19618,Jordan Hicks,P,53.0,0.7725093849003315,2.9,0,Benji
13580,Steven Okert,P,49.1,0.7600608989596367,3.1,0,
26231,Tyler Holton,P,70.1,0.7590764947235584,2.2,0,
19343,A.J. Puk,P,44.2,0.727730929851532,3.3,0,
5615,Ryan Brasier,P,49.1,0.72234096378088,2.9,0,
16727,Brock Stewart,P,25.2,0.7217840552330017,5.7,0,
17677,Jeffrey Springs,P,16.0,0.7179194092750549,9.0,0,Reuben
18548,Sam Hentges,P,40.2,0.7046183943748474,3.5,0,
19677,Gregory Soto,P,50.0,0.7044292688369751,2.8,0,
14993,Scott Barlow,P,54.1,0.7012281715869904,2.6,0,
15873,Sean Manaea,P,90.2,0.6983926594257355,1.5,0,Sid
13346,Hoby Milner,P,53.2,0.6899314522743225,2.6,0,
23735,Luis Garcia,P,27.0,0.6886606216430664,5.1,0,Nick
15009,Kyle Finnegan,P,58.2,0.6871256232261658,2.4,0,
17170,Gabe Speier,P,44.2,0.682226836681366,3.1,0,
21101,Dauri Moreta,P,51.0,0.6798351407051086,2.7,0,
9761,Joe Kelly,P,32.2,0.67920783162117,4.2,0,
11760,Drew Smyly,P,126.1,0.6762992963194847,1.1,0,
11189,Vince Velasquez,P,37.1,0.6736468076705933,3.6,0,
20515,Kyle Nelson,P,48.2,0.6642464250326157,2.8,0,
12777,John Brebbia,P,28.2,0.6595021039247513,4.7,0,
19309,Trevor Richards,P,60.1,0.6567103713750839,2.2,0,
26285,Tommy Henry,P,89.0,0.6564596462994814,1.5,0,
16162,Brandon Woodruff,P,40.0,0.6530767679214478,3.3,0,Reuben
22387,Josh Winckowski,P,71.0,0.6503044329583645,1.8,0,
22713,Carlos Hernández,P,62.1,0.6462205648422241,2.1,0,
14814,Buck Farmer,P,62.2,0.6364172697067261,2.0,0,
22294,Matthew Liberatore,P,50.0,0.631990309804678,2.5,0,
13435,Pierce Johnson,P,53.1,0.6290638446807861,2.4,0,
21446,Ryan Feltner,P,35.1,0.6277995109558105,3.6,0,
15467,Marco Gonzales,P,50.0,0.6240717172622681,2.5,0,
19244,Cole Irvin,P,64.0,0.6221367418766022,1.9,0,
21690,Edward Cabrera,P,77.0,0.6212158203125,1.6,0,
23221,Michael Grove,P,64.0,0.6208687722682953,1.9,0,
17722,Trevor Megill,P,25.0,0.616292417049408,4.9,0,
19769,Will Vest,P,34.2,0.6150278151035309,3.6,0,
25942,Andrew Nardi,P,46.1,0.6126881241798401,2.7,0,
1943,Zack Greinke,P,119.1,0.6100585907697678,1.0,0,
20070,Bailey Falter,P,64.1,0.6097257658839226,1.9,0,
21850,Mason Thompson,P,51.2,0.5973384380340576,2.3,0,
12730,Nick Martinez,P,91.1,0.5963039696216583,1.3,0,
8241,David Robertson,P,55.0,0.590339407324791,2.1,0,
19360,Lucas Erceg,P,42.1,0.5860269665718079,2.8,0,
15541,Tyler Rogers,P,64.1,0.5849506855010986,1.8,0,
21504,Jake Irvin,P,102.2,0.5849481225013733,1.1,0,
26253,Ryne Nelson,P,125.0,0.5833538770675659,0.9,0,
23150,Osvaldo Bido,P,46.2,0.5830030292272568,2.5,0,
20369,Matt Manning,P,77.0,0.581214964389801,1.5,0,
31757,Mason Miller,P,21.1,0.5754944682121277,5.5,0,
21298,Andre Jackson,P,42.1,0.5749032348394394,2.7,0,
18864,Pedro Avila,P,30.1,0.5731700211763382,3.8,0,
19403,Colin Poche,P,47.1,0.565585732460022,2.4,0,
21584,Tristan Beck,P,71.2,0.5624455958604813,1.6,0,
25595,Xzavion Curry,P,79.0,0.5601043254137039,1.4,0,
25918,Zack Thompson,P,39.0,0.5595417618751526,2.9,0,
15690,Jimmy Cordero,P,32.2,0.5543493293225765,3.4,0,
18403,Enyel De Los Santos,P,55.0,0.5532010197639465,2.0,0,
13183,Zach Davies,P,62.1,0.5508100390434265,1.8,0,
13470,Lucas Sims,P,50.2,0.5415442585945129,2.2,0,
11861,Jason Adam,P,54.0,0.5369654297828674,2.0,0,Benji
15761,Joe Jiménez,P,47.2,0.5333452820777893,2.3,0,
19804,Bryan Baker,P,42.0,0.5250083804130554,2.5,0,
12317,Colin Rea,P,100.1,0.5135246999561787,1.0,0,
20191,Garrett Whitlock,P,62.1,0.5127587988972664,1.7,0,Alden
20000,Tyler Wells,P,113.2,0.4969409629702568,0.9,0,
17759,Angel Perdomo,P,29.0,0.4963689744472503,3.4,0,
25007,Alex Vesia,P,38.2,0.4961837977170944,2.6,0,
14361,Ty Blach,P,48.0,0.4961504340171814,2.1,0,
12575,Nick Ramirez,P,33.2,0.4949265420436859,3.0,0,
19205,Jesse Scholtens,P,70.1,0.4942829310894012,1.4,0,
21455,Kris Bubic,P,16.0,0.4929235875606537,6.2,0,
24604,Austin Cox,P,33.2,0.4925952106714248,3.0,0,
1890,Matt Moore,P,44.0,0.4920450150966644,2.2,0,
12988,Andrew Chafin,P,40.2,0.4860642552375793,2.4,0,
15823,Zack Littell,P,58.2,0.4710946455597877,1.6,0,
19493,Zach Jackson,P,18.0,0.4458070695400238,5.0,0,
16400,Reynaldo López,P,55.0,0.4431716501712799,1.6,0,
14444,Hyun Jin Ryu,P,24.0,0.4423883855342865,3.7,0,
11804,Hector Neris,P,56.0,0.4416769742965698,1.6,0,
18064,Phil Maton,P,54.1,0.4387333989143371,1.6,0,
23443,Tom Cosgrove,P,39.0,0.4327149093151092,2.2,0,
15290,Austin Pruitt,P,48.1,0.4239165410399437,1.8,0,
13619,Jakob Junis,P,76.2,0.4196704551577568,1.1,0,
25327,Abner Uribe,P,19.2,0.4163083732128143,4.3,0,
19362,Keegan Akin,P,23.2,0.4152608998119831,3.6,0,
13449,Taylor Rogers,P,45.1,0.4139122664928436,1.8,0,Graham
13218,Michael Fulmer,P,56.1,0.4089440330862999,1.5,0,
21741,Javier Assad,P,79.0,0.4075746461749077,1.0,0,
13607,Carl Edwards Jr.,P,31.2,0.4063618183135986,2.6,0,
18413,José Urquidy,P,46.2,0.4062133282423019,1.8,0,
20302,David Peterson,P,84.1,0.4050809219479561,1.0,0,
17888,Tayler Saucedo,P,41.0,0.4017139673233032,2.0,0,
14524,José Leclerc,P,43.1,0.4011954963207245,1.9,0,
20353,Steven Wilson,P,53.0,0.3993589580059051,1.5,0,
14932,Ben Lively,P,76.2,0.3916944563388824,1.0,0,
13133,Derek Law,P,46.0,0.3883012309670448,1.7,0,
13594,Robert Stephenson,P,42.2,0.3868176192045212,1.8,0,
19312,Cal Quantrill,P,67.0,0.3861637711524963,1.2,0,
9111,Brad Hand,P,44.2,0.383326387964189,1.7,0,
17871,Ian Gibaut,P,61.2,0.3795097172260284,1.2,0,
21652,Elvis Peguero,P,55.1,0.3649090826511383,1.3,0,
16358,Tyler Mahle,P,25.2,0.3629430532455444,2.9,0,Graham
21018,Francisco Pérez,P,9.2,0.3614568673074245,7.9,0,
17490,Génesis Cabrera,P,48.1,0.3601989299058914,1.5,0,
10591,Scott Alexander,P,41.1,0.3544583916664123,1.7,0,
20203,Eli Morgan,P,54.2,0.3522121608257293,1.3,0,
19614,Cionel Pérez,P,44.1,0.3500458896160126,1.6,0,
12763,Chris Devenski,P,33.2,0.3461762070655823,2.1,0,
7531,Collin McHugh,P,55.2,0.3421657402068376,1.2,0,
19388,Tony Gonsolin,P,103.0,0.3368681669235229,0.7,0,Benji
10315,Michael Tonkin,P,66.1,0.3330658078193664,1.0,0,
18000,Triston McKenzie,P,10.0,0.332889199256897,6.7,0,Graham
18331,James Kaprielian,P,61.0,0.3301036863122135,1.1,0,
19990,Bryse Wilson,P,64.0,0.329447865486145,1.0,0,
19264,Thomas Hatch,P,19.2,0.3229606635868549,3.4,0,
19996,Dylan Lee,P,20.1,0.3204687386751175,3.2,0,
24933,Andrew Wantz,P,23.2,0.3196858167648315,2.8,0,
14986,Giovanny Gallegos,P,48.2,0.3117435574531555,1.3,0,Reuben
19874,Alex Faedo,P,56.0,0.3083218336105346,1.1,0,
27500,Slade Cecconi,P,21.0,0.3046601489186287,2.9,0,
21238,Allan Winans,P,15.2,0.3044621646404266,4.0,0,
17192,Jalen Beeks,P,39.1,0.3018330782651901,1.5,0,
13767,JT Chargois,P,32.1,0.296127587556839,1.8,0,
27472,Jared Shuster,P,49.2,0.294641375541687,1.2,0,
21537,Daniel Lynch IV,P,52.1,0.2929612398147583,1.1,0,
21318,Tylor Megill,P,97.0,0.2908582985401153,0.6,0,
23429,JP Sears,P,140.2,0.2896709144115448,0.4,0,
16408,Victor González,P,29.1,0.2862786371260881,2.0,0,
15264,Keynan Middleton,P,49.2,0.2847637236118316,1.2,0,
16350,Ryan Borucki,P,28.1,0.2844206094741821,2.0,0,
21367,Peter Strzelecki,P,37.0,0.2827001065015793,1.5,0,
26221,Ryan Pepiot,P,14.0,0.2811655551195144,4.0,0,
6797,Julio Teheran,P,62.2,0.2786834239959717,0.9,0,
20020,John Schreiber,P,32.2,0.2715520469937473,1.7,0,
17968,Brock Burke,P,53.1,0.2696459293365478,1.0,0,
20422,Jovani Moran,P,42.1,0.26961150765419,1.3,0,
27758,Kyle Harrison,P,9.2,0.2609331309795379,5.7,0,
21649,Luis Medina,P,86.0,0.2604168988764286,0.6,0,
6399,José Cisnero,P,50.0,0.2546737790107727,1.0,0,
19979,Zach Plesac,P,21.1,0.2517532408237457,2.4,0,
22286,Trevor Rogers,P,18.0,0.2479785531759262,2.8,0,Nick
19871,Tucker Davidson,P,41.2,0.243553664535284,1.2,0,
17877,Brett Kennedy,P,16.0,0.2435337155475281,3.0,0,
29839,Emmet Sheehan,P,38.1,0.2412248998880386,1.3,0,
15038,Germán Márquez,P,20.0,0.2349832355976104,2.3,0,Alden
6107,Huascar Brazoban,P,56.2,0.2336394041776657,0.8,0,
14416,Yunior Marte,P,35.0,0.231732040643692,1.3,0,
19868,Drew Carlton,P,20.2,0.2306386828422546,2.3,0,
17969,Peter Lambert,P,76.1,0.2303892374038696,0.6,0,Jesse
19320,Joey Lucchesi,P,28.0,0.2277845740318298,1.6,0,
26214,Chris Murphy,P,42.2,0.2268749773502349,1.1,0,
16977,Trevor Williams,P,130.2,0.2265827357769012,0.3,0,
22925,Joan Adon,P,29.0,0.2201066985726356,1.5,0,
12056,Scott McGough,P,64.0,0.2178710922598838,0.7,0,
9434,Dallas Keuchel,P,18.0,0.2152444645762443,2.4,0,
25928,Darius Vines,P,6.0,0.2127484232187271,7.1,0,
19200,José Quijada,P,9.0,0.2117504626512527,4.7,0,
22100,José Soriano,P,32.2,0.2109574973583221,1.3,0,
6902,Martín Pérez,P,122.2,0.2105767950415611,0.3,0,Alden
10855,Chasen Shreve,P,41.1,0.2063083946704864,1.0,0,
25071,Lane Ramsey,P,11.0,0.2045202553272247,3.7,0,
17964,Tyler Gilbert,P,17.1,0.2033549696207046,2.4,0,
15947,Ryne Stanek,P,46.2,0.2030171304941177,0.9,0,
22051,John King,P,28.0,0.1985707059502601,1.4,0,
20206,Mike Baumann,P,61.1,0.1933833658695221,0.6,0,
18333,Alex Young,P,49.0,0.1922404170036316,0.8,0,
25551,Isaiah Campbell,P,18.2,0.1917045712471008,2.1,0,
19795,Keegan Thompson,P,23.1,0.1902913898229599,1.6,0,
22176,Easton McGee,P,6.2,0.1900015622377395,6.1,0,
20962,Elvin Rodriguez,P,3.1,0.1864968687295913,12.0,0,
13801,Austin Adams,P,17.1,0.1813562661409378,2.1,0,
21163,Angel Felipe,P,15.0,0.180304929614067,2.4,0,
11384,Tommy Kahnle,P,32.0,0.176281064748764,1.1,0,
21955,Yerry Rodríguez,P,13.2,0.175487644970417,2.7,0,
18694,Kolby Allard,P,12.1,0.1739362009393517,2.9,0,
15463,José De León,P,17.1,0.1731344908475875,2.0,0,
22318,Jose Hernandez,P,41.2,0.1713612079620361,0.8,0,
23363,Robert Garcia,P,17.2,0.1710599027574062,2.0,0,
26024,Brendan White,P,38.2,0.1706845089793205,0.9,0,
13420,Matt Koch,P,27.2,0.1694462150335312,1.2,0,
10843,Adam Kolarek,P,6.0,0.167501799762249,5.6,0,
20548,Bowden Francis,P,31.0,0.1672554612159729,1.1,0,
16942,Luis F. Ortiz,P,18.0,0.163783848285675,1.8,0,
18335,Josh Staumont,P,20.0,0.1621576845645904,1.6,0,
27470,Emerson Hancock,P,12.0,0.1621227711439132,2.7,0,
30074,Chase Silseth,P,48.1,0.1620982885360717,0.7,0,
30094,Jordan Wicks,P,5.0,0.1619803160429,6.5,0,
13345,Luis Cessa,P,26.0,0.1617137426510453,1.2,0,
27597,Cody Bradford,P,40.0,0.1616957783699035,0.8,0,
10657,Andrew Bellatti,P,20.0,0.161052256822586,1.6,0,
19665,Kyle Wright,P,18.2,0.1594121009111404,1.8,0,Benji
29754,Sam Bachman,P,17.0,0.1589630842208862,1.9,0,
17948,Trent Thornton,P,20.0,0.1577028706669807,1.6,0,
24606,Josh Winder,P,25.1,0.1561306864023208,1.2,0,
26079,Beau Brieske,P,23.0,0.1559621915221214,1.4,0,
12791,Michael Kelly,P,12.2,0.1522143185138702,2.5,0,
25178,Joe Jacques,P,21.1,0.150980606675148,1.4,0,
11752,Luke Jackson,P,23.1,0.1491528749465942,1.3,0,
10061,Brooks Raley,P,44.1,0.1485174298286438,0.7,0,
26226,Nick Robertson,P,14.1,0.1456598378717899,2.1,0,
19249,Seranthony Domínguez,P,37.2,0.1451033055782318,0.8,0,Reuben
29946,Grant Hartwig,P,24.2,0.1426938027143478,1.2,0,
19482,Andrew Vasquez,P,45.2,0.1414240002632141,0.6,0,
12249,Ryan Sherriff,P,6.2,0.12791608273983,4.1,0,
18439,Danny Young,P,8.1,0.1275485455989837,3.1,0,
6986,Ian Kennedy,P,10.0,0.1267246752977371,2.5,0,
16918,Luke Weaver,P,103.2,0.1262084171175956,0.2,0,
8110,Bryan Shaw,P,26.0,0.1254153698682785,1.0,0,
23779,Justin Bruihl,P,28.0,0.1248025726526975,0.9,0,
21863,George Soriano,P,37.2,0.122705303132534,0.7,0,
21420,Yerry De Los Santos,P,24.1,0.1186664998531341,1.0,0,
25139,Tim Herrin,P,27.2,0.1152573004364967,0.8,0,
26056,Brandon Walter,P,14.2,0.1148640587925911,1.6,0,
26108,Andre Pallante,P,54.1,0.1129879429936409,0.4,0,
24986,Colin Selby,P,12.2,0.1119616106152534,1.8,0,
19866,Brandon Bielak,P,80.0,0.1117773428559303,0.3,0,
21045,Seth Martinez,P,43.0,0.1115692108869552,0.5,0,
16943,Sean Newcomb,P,4.2,0.1100678443908691,5.2,0,
15068,Yency Almonte,P,48.0,0.1075789108872413,0.4,0,
29832,Jackson Wolf,P,5.0,0.1058613881468772,4.2,0,
12863,Matt Barnes,P,21.1,0.1058291718363761,1.0,0,
15239,Alan Busenitz,P,5.0,0.1039735153317451,4.2,0,
25636,Hunter Gaddis,P,39.0,0.1020986661314964,0.5,0,
25650,Levi Stoudt,P,10.1,0.1010795962065458,2.0,0,
25589,Sammy Peralta,P,8.2,0.0996612086892128,2.4,0,
17735,Tyler Alexander,P,44.0,0.0969549687579274,0.4,0,
24977,Shawn Dubin,P,9.0,0.0967415869235992,2.1,0,
14857,Joe Mantiply,P,26.0,0.0959056690335273,0.7,0,
25376,Nick Mears,P,7.0,0.0939343199133873,2.7,0,
17281,Thomas Pannone,P,2.2,0.0932903438806533,8.5,0,
20546,Grant Anderson,P,35.2,0.0932894721627235,0.5,0,
31839,Shintaro Fujinami,P,68.1,0.0921075828373432,0.3,0,
27572,Carmen Mlodzinski,P,23.2,0.0916337021626532,0.8,0,
25098,Jacob Lopez,P,7.0,0.0882192179560661,2.5,0,
20494,Braden Bristo,P,7.0,0.0876282369717955,2.5,0,
15051,Silvino Bracho,P,7.1,0.0870142355561256,2.5,0,
22810,Roansy Contreras,P,68.1,0.0814968943595886,0.2,0,Sid
7432,Jay Jackson,P,24.0,0.0810956954956054,0.7,0,
15094,Rob Zastryzny,P,19.0,0.0807487927377224,0.8,0,
23292,Packy Naughton,P,5.0,0.0803216248750686,3.2,0,
29628,Alek Jacob,P,3.0,0.0799413174390792,5.3,0,
27942,John McMillon,P,4.0,0.07651187479496,3.8,0,
22207,DL Hall,P,6.1,0.0750936940312385,2.5,0,
10197,Shelby Miller,P,31.0,0.0749009922146797,0.5,0,
21281,Tommy Doyle,P,18.0,0.0740057826042175,0.8,0,
16754,Vinny Nittoli,P,3.2,0.0708944648504257,4.4,0,
17034,Sean Reid-Foley,P,4.0,0.0666743963956832,3.3,0,
17480,Daniel Duarte,P,20.2,0.0659157633781433,0.7,0,
11121,Casey Lawrence,P,12.2,0.0643254593014717,1.1,0,
21520,Hogan Harris,P,63.0,0.0637118071317672,0.2,0,
19159,Zack Burdi,P,4.0,0.0630881562829017,3.2,0,
19588,Guillermo Zuñiga,P,2.0,0.0619370676577091,6.2,0,
25777,Peyton Battenfield,P,34.2,0.0612959042191505,0.4,0,
19753,Jonathan Loáisiga,P,12.2,0.0592319257557392,1.0,0,Reuben
23809,Ray Kerr,P,15.1,0.0577633492648601,0.8,0,
16512,Isiah Kiner-Falefa,P,4.0,0.057685237377882,2.9,0,
5003,Jake Diekman,P,45.1,0.0567495971918106,0.3,0,
18519,Phil Bickford,P,56.2,0.0530370622873306,0.2,0,
10078,Caleb Thielbar,P,21.0,0.0511420480906963,0.5,0,
7146,Daniel Hudson,P,3.0,0.0475716851651668,3.2,0,
30008,Evan Justice,P,3.0,0.043428711593151,2.9,0,
25174,Penn Murfee,P,14.0,0.0428760834038257,0.6,0,
17755,Drew Smith,P,46.2,0.0426383800804615,0.2,0,
13707,Joey Krehbiel,P,1.2,0.0387858636677265,6.5,0,
18421,Tyler Cyr,P,1.2,0.0377381034195423,6.3,0,
21327,Nicholas Padilla,P,4.2,0.0370285995304584,1.8,0,
16686,Jason Vosler,P,2.0,0.0367300994694232,3.7,0,
13190,Jordan Weems,P,43.2,0.0357447750866413,0.2,0,
19562,Zack Short,P,6.0,0.0336152650415897,1.1,0,
17264,Sam Coonrod,P,5.1,0.0325006023049354,1.3,0,
17611,Taylor Clarke,P,49.2,0.0306300297379493,0.1,0,
22982,José Lopez,P,2.0,0.0283139981329441,2.8,0,
20038,Darren McCaughan,P,5.0,0.0276981983333826,1.1,0,
15594,Nick Wittgren,P,29.0,0.0255750678479671,0.2,0,
14663,Chi Chi González,P,2.2,0.0255614034831523,2.3,0,
10200,Tucker Barnhart,P,4.0,0.0248453300446271,1.2,0,
20526,Denyi Reyes,P,17.1,0.0245049893856048,0.3,0,
26304,Bryan Hoeing,P,56.0,0.0238793864846229,0.1,0,
19179,Kirby Snead,P,10.0,0.0216300338506698,0.4,0,
21453,Konnor Pilkington,P,2.0,0.0202340614050626,2.0,0,
17381,Matt Gage,P,6.2,0.0202233716845512,0.7,0,
26378,Nick Lodolo,P,34.1,0.0197198074311018,0.1,0,Sid
11265,Jonathan Schoop,P,1.1,0.01949461735785,3.5,0,
16451,Luis Guillorme,P,1.0,0.0181728210300207,3.6,0,
25055,Nate Eaton,P,1.0,0.0180140230804681,3.6,0,
19931,Luke Williams,P,1.0,0.0179772824048995,3.6,0,
12828,Andrew Kittredge,P,2.1,0.0174801331013441,1.7,0,
20209,Zach Muckenhirn,P,6.0,0.01689481921494,0.6,0,
24935,Chris Vallimont,P,0.2,0.016643576323986,16.6,0,
19206,Dakota Hudson,P,49.0,0.0165478140115737,0.1,0,
11632,Heath Hembree,P,1.1,0.0159649681299924,2.9,0,
23449,Ricky Karcher,P,1.0,0.0155024146661162,3.1,0,
19337,Richard Lovelady,P,23.1,0.0144999688491225,0.1,0,
10343,Aaron Loup,P,41.1,0.0141151724383234,0.1,0,
20039,Adrian Morejon,P,9.0,0.0137226246297359,0.3,0,Benji
16074,Nick Burdi,P,3.0,0.0135017847642302,0.9,0,
17860,José Rodríguez,P,3.0,0.0132448449730873,0.9,0,
17737,Josh Lester,P,1.0,0.0115690669044852,2.3,0,
17040,Jose Herrera,P,2.0,0.0113935694098472,1.1,0,
26213,Caleb Kilian,P,5.1,0.0113741718232631,0.4,0,
19891,Ryder Ryan,P,1.0,0.0111304344609379,2.2,0,
23135,Eduardo Salazar,P,12.1,0.0097019122913479,0.2,0,
20116,Calvin Faucher,P,25.2,0.0092168748378753,0.1,0,
25416,Blair Calvo,P,1.0,0.0082277376204729,1.6,0,
17338,Willi Castro,P,1.1,0.0077723464928567,1.4,0,
19432,Yonny Hernández,P,1.0,0.006735102739185,1.3,0,
13329,Jake Lamb,P,1.0,0.006564749404788,1.3,0,
10030,Chris Owings,P,1.0,0.0065408078953623,1.3,0,
5038,Josh Donaldson,P,1.0,0.0063039446249604,1.3,0,
19734,Josh Rojas,P,2.0,0.0061340183019638,0.6,0,
15214,Brandon Dixon,P,1.0,0.0061159990727901,1.2,0,
12859,James McCann,P,1.0,0.0057925791479647,1.2,0,
19928,Ryan McKenna,P,1.0,0.0057925791479647,1.2,0,
24934,David Fry,P,1.0,0.0057598068378865,1.2,0,
25804,Randy Wynne,P,2.1,0.00421031890437,0.4,0,
12890,Alex Claudio,P,0.1,0.0033029895275831,6.6,0,
22116,Hagen Danner,P,0.1,0.0022787984926253,4.6,0,
7982,Anthony Bass,P,20.0,0.0016193026676774,0.0,0,
20539,Edwin Uceta,P,3.0,0.0014522719429805,0.1,0,
17359,Josh Taylor,P,17.2,0.001090545207262,0.0,0,
20617,J.C. Mejía,P,11.1,0.00054980115965,0.0,0,
25665,Cole Waites,P,2.1,0.0004740117874462,0.0,0,
21093,Nick Vespi,P,14.2,0.0001885392994154,0.0,0,
5343,Brandon Crawford,P,1.0,-0.0004370103124529,-0.1,0,
17710,Matt Beaty,P,1.0,-0.0004370103124529,-0.1,0,
26364,Ethan Small,P,3.0,-0.0007033015717752,-0.0,0,
12323,Jacob Barnes,P,3.1,-0.0014056047657504,-0.1,0,
14509,Dereck Rodríguez,P,3.1,-0.0023985933512449,-0.2,0,
7802,Miguel Rojas,P,2.0,-0.0029133730567991,-0.3,0,
24719,Randy Vásquez,P,22.1,-0.0047591477632522,-0.0,0,
24017,Jose A. Ferrer,P,24.1,-0.0050157471559941,-0.0,0,
3237,T.J. McFarland,P,1.2,-0.0054832585155963,-0.9,0,
19924,Bryan Hudson,P,8.2,-0.0072578848339617,-0.2,0,
20009,Kenny Rosenberg,P,7.0,-0.0073335259221494,-0.2,0,
20997,Eduard Bazardo,P,4.1,-0.0075736828148365,-0.4,0,
21025,Oliver Ortega,P,14.2,-0.0091032814234495,-0.1,0,
20352,Ernie Clement,P,1.0,-0.0097871636971831,-2.0,0,
25862,Noah Davis,P,18.2,-0.0107461102306842,-0.1,0,
19339,Nicky Lopez,P,1.0,-0.0109860366210341,-2.2,0,
24782,David Villar,P,1.0,-0.0117628620937466,-2.4,0,
31533,Victor Mederos,P,3.0,-0.0138596706092357,-0.9,0,
14735,Brett Phillips,P,0.1,-0.0140080032870173,-28.0,0,
23095,Jake Wong,P,3.0,-0.0141230542212724,-0.9,0,
10314,Erasmo Ramírez,P,47.1,-0.0155996792018413,-0.1,0,
14691,Harold Castro,P,2.0,-0.0161670614033937,-1.6,0,
25830,Jeff Lindgren,P,7.0,-0.016997518017888,-0.5,0,
24602,Drew Rom,P,9.0,-0.018113050609827,-0.4,0,
6153,Eduardo Escobar,P,2.0,-0.0183227192610502,-1.8,0,
20323,Erich Uelmen,P,1.0,-0.0187471956014633,-3.7,0,
18592,Hector Perez,P,0.1,-0.0187842063605785,-37.6,0,
20572,Kody Clemens,P,2.2,-0.0188456065952777,-1.7,0,
13699,Jake Faria,P,2.0,-0.0189029481261968,-1.9,0,
8202,Josh Harrison,P,1.2,-0.0192774478346109,-3.2,0,
12760,Rafael Montero,P,56.2,-0.0197697393596172,-0.1,0,
19976,Tyson Miller,P,15.1,-0.0201138007687404,-0.3,0,
20160,Nate Pearson,P,40.0,-0.024956788867712,-0.1,0,
25379,Sam Long,P,42.2,-0.0255286581814289,-0.1,0,
11487,Joely Rodríguez,P,11.0,-0.0256127174943685,-0.5,0,
17793,Trey Wingenter,P,9.0,-0.0261773690581321,-0.6,0,
10160,Ryan Weber,P,14.1,-0.0261889807879924,-0.4,0,
21023,Adrián Martínez,P,38.2,-0.0282456539571285,-0.1,0,
11486,Robbie Ray,P,3.1,-0.0301213208585977,-1.9,0,Nick
20349,Zack Kelly,P,7.1,-0.0317709743976593,-0.9,0,
20080,Mauricio Llovera,P,21.0,-0.0332006346434354,-0.3,0,
13620,Carson Kelly,P,2.2,-0.0350901521742343,-3.2,0,
19225,Mitch White,P,12.2,-0.0357396826148033,-0.6,0,
23301,Janson Junk,P,4.2,-0.0375893265008926,-1.8,0,
24494,Simeon Woods Richardson,P,4.2,-0.0377919413149356,-1.8,0,
16929,Touki Toussaint,P,59.1,-0.039339093491435,-0.1,0,
15514,Kendall Graveman,P,59.0,-0.0404795743525028,-0.1,0,
20271,Daysbel Hernández,P,3.2,-0.0440562516450881,-2.8,0,
23460,Brandon Hughes,P,13.2,-0.0446620285511016,-0.7,0,
21858,Riley Pint,P,0.1,-0.0451673045754432,-90.3,0,
25386,Jhony Brito,P,70.1,-0.0463265180587768,-0.1,0,
17169,José Castillo,P,0.1,-0.0464005880057811,-92.8,0,
16939,Lane Thomas,P,1.0,-0.0490014478564262,-9.8,0,
27615,Alec Burleson,P,1.2,-0.0490068979561328,-8.2,0,
3548,Liam Hendriks,P,5.0,-0.0493930354714393,-2.0,0,
26260,Drey Jameson,P,40.2,-0.0499244444072246,-0.2,0,
11902,Hanser Alberto,P,1.2,-0.0505774244666099,-8.4,0,
15451,Mike Mayers,P,26.1,-0.0508213061839342,-0.4,0,
16357,Pablo Reyes,P,2.0,-0.0518898032605648,-5.2,0,
19392,Zach McKinstry,P,1.0,-0.0520156696438789,-10.4,0,
25481,Joe La Sorsa,P,21.2,-0.0520453818608075,-0.5,0,
16128,John Curtiss,P,19.2,-0.0521883554756641,-0.5,0,
7608,Tommy Milone,P,9.0,-0.0523877814412117,-1.2,0,
20370,Bruce Zimmermann,P,11.1,-0.0529605038464069,-1.0,0,
16207,Spencer Turnbull,P,31.0,-0.0530508905649185,-0.3,0,
18186,James Naile,P,15.1,-0.0539504028856754,-0.7,0,
5273,Sandy León,P,1.0,-0.0540925227105617,-10.8,0,
21345,Bennett Sousa,P,2.2,-0.0544225014746189,-4.9,0,
13723,Jacob Stallings,P,4.0,-0.0549741759896278,-2.7,0,Alden
27782,Brandon Pfaadt,P,71.0,-0.0564870238304138,-0.2,0,
19558,Geoff Hartlieb,P,1.0,-0.0574794933199882,-11.5,0,
8246,Paolo Espino,P,4.0,-0.0585754550993442,-2.9,0,
21549,Jackson Kowar,P,18.1,-0.0589775741100311,-0.7,0,
14825,Dylan Covey,P,32.0,-0.0593169331550598,-0.4,0,
26068,Kolton Ingram,P,2.1,-0.0599284209311008,-5.7,0,
17701,Jose Cuas,P,53.2,-0.0626723794266581,-0.2,0,
27735,Brett Wisely,P,1.0,-0.0630577579140663,-12.6,0,
20017,Miles Mastrobuoni,P,0.1,-0.0632185116410255,-126.4,0,
25427,Gavin Hollowell,P,17.1,-0.0634033158421516,-0.7,0,
12976,Austin Hedges,P,1.0,-0.0635549798607826,-12.7,0,
15157,Jimmy Yacabonis,P,13.2,-0.0648244470357894,-1.0,0,
9073,Kirby Yates,P,51.2,-0.0649663209915161,-0.3,0,
20387,Anthony Kay,P,11.1,-0.0656995773315429,-1.2,0,
10028,Christian Bethancourt,P,0.1,-0.0659408122301101,-131.9,0,Reuben
19274,Jacob Webb,P,42.1,-0.0678684562444686,-0.3,0,
23313,José Butto,P,14.2,-0.0682171955704689,-1.0,0,
14706,Anthony Banda,P,7.0,-0.0697036683559417,-2.0,0,
20491,J.B. Bukauskas,P,3.0,-0.0698371676262468,-4.7,0,
20276,Deivi García,P,5.2,-0.0699161514639854,-2.7,0,
19683,Mike Brosseau,P,2.1,-0.0700512900948524,-6.7,0,
13836,Matt Duffy,P,2.0,-0.0737402737140655,-7.4,0,
19754,Reiver Sanmartin,P,14.0,-0.0739480629563331,-1.1,0,
16647,Ryan Thompson,P,18.2,-0.0746403560042381,-0.8,0,
16424,Jordan Luplow,P,1.0,-0.0746458321809768,-14.9,0,
20054,Bligh Madris,P,1.0,-0.0748532265424728,-15.0,0,
12178,Domingo Tapia,P,17.2,-0.0752103775739669,-0.9,0,
19454,Michael Rucker,P,40.1,-0.0761642754077911,-0.4,0,
23307,Collin Snider,P,7.2,-0.0778140574693679,-2.2,0,
16209,Jake Reed,P,0.2,-0.0779164433479309,-77.9,0,
21461,Cole Sands,P,19.2,-0.0781177505850792,-0.8,0,
25348,Devin Sweet,P,2.0,-0.0783156678080558,-7.8,0,
12775,Brad Miller,P,2.0,-0.0797616764903068,-8.0,0,
21859,Alex Speas,P,2.0,-0.0808358862996101,-8.1,0,
23499,Keaton Winn,P,22.0,-0.080855717882514,-0.7,0,
15855,Wander Suero,P,6.2,-0.0813981965184211,-2.6,0,
23488,Ron Marinaccio,P,46.1,-0.0829352587461471,-0.4,0,
6984,Luis García,P,50.0,-0.083163321018219,-0.3,0,
19444,Yohan Ramirez,P,34.1,-0.0831962004303932,-0.5,0,
27914,Daniel Palencia,P,15.1,-0.0835613682866096,-1.1,0,
13324,Ildemaro Vargas,P,2.0,-0.0846811160445213,-8.5,0,
21481,Sean Hjelle,P,22.0,-0.0864301174879074,-0.8,0,
22932,Prelander Berroa,P,0.2,-0.0865084156394004,-86.5,0,
6887,Martín Maldonado,P,1.0,-0.0878630429506301,-17.6,0,
20643,Johan Quezada,P,0.2,-0.0883202403783798,-88.3,0,
13424,Drew VerHagen,P,50.2,-0.0887235626578331,-0.4,0,
18152,Anthony Misiewicz,P,8.1,-0.0896133771166205,-2.2,0,
18297,Tyler Kinley,P,5.2,-0.0899375230073928,-3.5,0,
23252,Spencer Howard,P,3.1,-0.0903542563319206,-5.8,0,
24937,Austin Warren,P,1.2,-0.090719997882843,-15.1,0,
17897,Garrett Cleavinger,P,12.0,-0.0910186395049095,-1.5,0,
19995,Joel Kuhnel,P,5.1,-0.0910225538536906,-3.6,0,
22296,Joe Barlow,P,9.2,-0.0911114737391471,-2.0,0,
20231,Zach Logue,P,11.0,-0.0912139192223548,-1.7,0,
25651,Ty Adcock,P,15.2,-0.0923442617058754,-1.2,0,
10642,Carlos Pérez,P,1.2,-0.0923959836363792,-15.4,0,
12361,Spencer Patton,P,9.1,-0.0936186164617538,-2.1,0,
24993,Kody Funderburk,P,2.1,-0.0944683030247688,-9.0,0,
12325,Jace Peterson,P,2.0,-0.0961237400770187,-9.6,0,
22815,Luis Patiño,P,4.0,-0.0969674959778785,-4.8,0,
12918,Archie Bradley,P,7.1,-0.097353920340538,-2.7,0,
19883,Alex Lange,P,52.2,-0.097689613699913,-0.4,0,
16306,Gerardo Reyes,P,6.2,-0.0976926684379577,-3.2,0,
21956,Max Castillo,P,20.1,-0.0990461632609367,-1.0,0,
13834,Alec Mills,P,1.0,-0.0995939671993255,-19.9,0,
15369,Kevin Herget,P,22.0,-0.1012815833091735,-0.9,0,
20056,Alan Trejo,P,2.0,-0.1017583012580871,-10.2,0,
13781,Alex Wood,P,77.2,-0.1024315655231475,-0.3,0,Jesse
25550,Matt Waldron,P,14.2,-0.1024720300920307,-1.4,0,
24581,Lyon Richardson,P,7.1,-0.103716604411602,-2.9,0,
20375,Greg Weissert,P,8.2,-0.1044711768627166,-2.5,0,
19330,Matt Festa,P,9.0,-0.1060548424720764,-2.4,0,
21205,Connor Brogdon,P,29.0,-0.1066945013590157,-0.7,0,
19926,Tony Santillan,P,3.1,-0.1094299703836441,-7.1,0,
31461,Ben Joyce,P,4.0,-0.1100822314620018,-5.5,0,
18889,Danny Mendick,P,2.0,-0.1118327006697654,-11.2,0,
19354,Luke Raley,P,2.2,-0.1133291497826576,-10.3,0,
17878,Dennis Santana,P,10.2,-0.1162374094128608,-2.3,0,
7803,Richard Bleier,P,30.2,-0.1172531321644783,-0.8,0,
23617,Josh Walker,P,10.0,-0.1181005388498306,-2.4,0,
21997,Luis Frías,P,17.1,-0.1212818175554275,-1.4,0,
21189,Brooks Kriske,P,6.2,-0.1219759508967399,-3.9,0,
6895,Chase Anderson,P,60.2,-0.1221330650150775,-0.4,0,
19805,Daniel Castano,P,1.0,-0.1223886907100677,-24.5,0,
30115,Robert Suarez,P,16.1,-0.1234276890754699,-1.5,0,
15734,Brad Keller,P,43.1,-0.1234491094946861,-0.6,0,
17092,Domingo Acevedo,P,9.1,-0.1243048757314682,-2.7,0,Benji
23631,Clayton Andrews,P,1.2,-0.1246467977762222,-20.8,0,
11341,Sean Nolin,P,3.0,-0.1254409700632095,-8.4,0,
24363,Edgar Navarro,P,5.2,-0.1256306320428848,-4.8,0,
15444,Zack Weiss,P,5.1,-0.125658243894577,-4.9,0,
22915,Carlos Vargas,P,4.2,-0.1265835165977478,-6.0,0,
13276,Matt Carasiti,P,21.2,-0.1286980211734771,-1.2,0,
19315,Matt Krook,P,3.0,-0.1294548660516739,-8.6,0,
18376,Connor Overton,P,11.0,-0.1310685724020004,-2.4,0,
27463,Garrett Crochet,P,10.0,-0.1323862671852111,-2.6,0,
25663,McKinley Moore,P,3.1,-0.1355076432228088,-8.7,0,
21620,Jake Cousins,P,9.1,-0.1370762288570404,-3.0,0,
14966,Reyes Moronta,P,1.1,-0.1373371928930282,-25.0,0,
7593,Jordan Lyles,P,142.1,-0.1373645067214965,-0.2,0,
15585,Mike Ford,P,2.0,-0.1376700401306152,-13.8,0,
8337,Lucas Luetge,P,11.2,-0.1378520429134369,-2.5,0,
27691,Louie Varland,P,56.0,-0.1380312442779541,-0.5,0,
10430,Mychal Givens,P,4.0,-0.1398030817508697,-7.0,0,
22273,Owen White,P,4.0,-0.1407767683267593,-7.0,0,
18615,Hobie Harris,P,19.1,-0.1413710266351699,-1.5,0,
18325,Taylor Hearn,P,15.0,-0.1449558134190738,-1.9,0,
13652,Tayler Scott,P,17.2,-0.1450807163491845,-1.7,0,
17489,Spenser Watkins,P,4.1,-0.1453890800476074,-7.1,0,
15007,Yacksel Ríos,P,1.2,-0.1459146589040756,-24.3,0,
4994,Fernando Abad,P,6.1,-0.1486754119396209,-4.9,0,
27477,Bryce Jarvis,P,12.0,-0.1488174200057983,-2.5,0,
19800,Wil Crowe,P,9.2,-0.1492907851934433,-3.2,0,
25645,Declan Cronin,P,7.0,-0.1533598154783249,-4.4,0,
16990,Tanner Banks,P,47.2,-0.1573306024074554,-0.7,0,
27702,Brent Headrick,P,20.1,-0.1575293838977813,-1.6,0,
19859,René Pinto,P,1.0,-0.1586560606956482,-31.7,0,
23165,Steven Cruz,P,0.2,-0.1588235646486282,-158.8,0,
15256,Cole Sulser,P,5.1,-0.1591675877571106,-6.2,0,
21527,James McArthur,P,7.0,-0.1594628393650055,-4.6,0,
15488,Antonio Senzatela,P,7.2,-0.1601251363754272,-4.4,0,
15100,Ben Heller,P,14.1,-0.1610676199197769,-2.3,0,
23265,Cody Bolton,P,14.1,-0.1623483896255493,-2.3,0,
6661,Alex Colomé,P,3.0,-0.1660366207361221,-11.1,0,
22828,Juan Then,P,11.0,-0.1703968346118927,-3.1,0,
14677,Duane Underwood Jr.,P,24.1,-0.1723152846097946,-1.4,0,
22717,Angel Zerpa,P,23.0,-0.1735031455755233,-1.5,0,
27488,Karl Kauffmann,P,25.2,-0.174614381045103,-1.4,0,
14844,Matt Dermody,P,4.0,-0.1754759103059768,-8.8,0,
16866,Reed Garrett,P,12.1,-0.1788650960661471,-3.0,0,
19784,Justin Garza,P,18.1,-0.1809794777072966,-2.0,0,
24453,Justin Martinez,P,8.0,-0.1912452280521392,-4.8,0,
18300,Andrew Suárez,P,16.1,-0.196638286113739,-2.4,0,
25921,Casey Legumina,P,11.2,-0.1993780881166458,-3.6,0,
24737,Gus Varland,P,15.2,-0.1993969976902008,-2.6,0,
20061,Kaleb Ort,P,23.0,-0.2006762623786926,-1.7,0,
17496,Diego Castillo,P,8.2,-0.2072156220674514,-5.1,0,
13355,Luke Maile,P,4.1,-0.2087184339761734,-10.2,0,
20476,Peter Solomon,P,13.1,-0.2121578454971313,-3.2,0,
20190,Chad Smith,P,13.2,-0.2123744040727615,-3.2,0,
22461,Logan Gillaspie,P,9.0,-0.225627452135086,-5.0,0,
6398,Trevor May,P,37.0,-0.2309853285551071,-1.2,0,
25388,Cody Morris,P,8.0,-0.2316861897706985,-5.8,0,
14375,Amir Garrett,P,24.1,-0.2332829535007476,-1.9,0,
15047,Austin Voth,P,34.2,-0.2338996827602386,-1.4,0,
24763,Kyle Leahy,P,1.2,-0.2343754768371582,-39.1,0,
21170,Dany Jiménez,P,11.2,-0.237512381747365,-4.2,0,
24975,Cooper Criswell,P,30.0,-0.2413253635168075,-1.6,0,
20151,James Karinchak,P,34.0,-0.2475337386131286,-1.5,0,Reuben
21324,Parker Mushinski,P,13.1,-0.258881539106369,-4.0,0,
17464,Jonathan Hernández,P,22.1,-0.2639842927455902,-2.4,0,
2233,Adam Wainwright,P,83.1,-0.2677689492702484,-0.6,0,
17732,Nabil Crismatt,P,13.0,-0.2691643834114074,-4.1,0,
21366,Glenn Otto,P,8.1,-0.2736402750015259,-6.8,0,
20185,Zach Pop,P,13.2,-0.2738149166107178,-4.1,0,
1247,Adam Ottavino,P,53.0,-0.2756310999393463,-1.0,0,
12997,Colten Brewer,P,8.1,-0.2760671973228454,-6.8,0,
27581,Hayden Wesneski,P,74.1,-0.2764665782451629,-0.7,0,
18454,Trevor Kelley,P,15.1,-0.2786527425050735,-3.7,0,
15684,Miguel Castro,P,53.2,-0.2853767871856689,-1.1,0,
19487,Devin Smeltzer,P,18.2,-0.2858815789222717,-3.1,0,
16814,Tim Hill,P,42.2,-0.286821961402893,-1.4,0,
19695,Connor Seabold,P,82.1,-0.2876582443714142,-0.7,0,
10133,Brad Boxberger,P,14.2,-0.288235604763031,-4.1,0,
20517,Nick Sandlin,P,50.1,-0.2890753448009491,-1.2,0,
21541,Reiss Knehr,P,5.2,-0.2891717106103897,-11.1,0,
22224,Jonathan Heasley,P,15.0,-0.2933036684989929,-3.9,0,
1157,Tommy Hunter,P,23.2,-0.29868283867836,-2.6,0,
6893,Johnny Cueto,P,32.1,-0.2988433232530951,-1.9,0,
27792,Gavin Stone,P,18.0,-0.2998240441083908,-3.3,0,
25977,Quinn Priester,P,28.2,-0.3037640750408172,-2.2,0,
18383,Michael Soroka,P,29.1,-0.3045433200895786,-2.1,0,
16401,Yonny Chirinos,P,85.0,-0.3133515119552612,-0.7,0,
19459,Jorge Alcala,P,15.1,-0.3171905279159546,-4.2,0,
17186,Dinelson Lamet,P,27.2,-0.3173476457595825,-2.3,0,
10291,Ryan Tepera,P,10.2,-0.3242608606815338,-6.4,0,
17292,Javy Guerra,P,19.1,-0.3262865394353866,-3.4,0,
17556,Jimmy Herget,P,17.0,-0.3279298841953277,-3.9,0,
18674,Jake Woodford,P,39.2,-0.3308182172477245,-1.7,0,
18356,Jaime Barria,P,73.1,-0.336309090256691,-0.9,0,
13273,Ross Stripling,P,78.1,-0.3399021923542022,-0.9,0,
23324,Freddy Tarnok,P,14.2,-0.340347021818161,-4.8,0,
13475,Daniel Norris,P,12.2,-0.3422733545303345,-5.6,0,
6632,Carlos Carrasco,P,90.0,-0.344417929649353,-0.8,0,
29960,AJ Smith-Shawver,P,21.2,-0.3695820122957229,-3.5,0,
16631,Jeff Brigham,P,31.2,-0.3697909414768219,-2.4,0,
20023,Rico Garcia,P,11.2,-0.3746137470006943,-6.7,0,
17485,Albert Abreu,P,57.0,-0.3752140998840332,-1.3,0,
27681,Ken Waldichuk,P,114.0,-0.376502126455307,-0.7,0,
26410,Alek Manoah,P,87.1,-0.380596399307251,-0.9,0,Nick
19407,Ronel Blanco,P,52.0,-0.380929097533226,-1.5,0,
21866,Jordan Balazovic,P,24.1,-0.3814769983291626,-3.2,0,
27646,Luis L. Ortiz,P,62.0,-0.392650184687227,-1.3,0,
27583,Garrett Acton,P,5.2,-0.3946087658405304,-15.2,0,
26128,Amos Willingham,P,14.0,-0.3973430395126343,-5.7,0,
19545,Stephen Nogosek,P,25.2,-0.4014913737773895,-3.2,0,
19962,Joey Wentz,P,89.1,-0.407205730676651,-0.9,0,
5114,Jeurys Familia,P,12.2,-0.4093670547008514,-6.7,0,
5524,Madison Bumgarner,P,16.2,-0.4121849834918976,-5.1,0,
13763,Dominic Leone,P,43.2,-0.4211641550064087,-1.9,0,
23796,Ryan Weathers,P,51.2,-0.4217961132526397,-1.6,0,
22210,Jeremiah Estrada,P,10.2,-0.4345149993896484,-8.5,0,
13713,Kyle Barraclough,P,7.2,-0.4360716640949249,-12.1,0,
15890,Luis Severino,P,81.1,-0.4472576379776001,-1.1,0,Nick
22276,Dylan Coleman,P,18.1,-0.4519849568605423,-5.0,0,
16466,Brent Honeywell,P,52.1,-0.4519865661859512,-1.7,0,
16137,Carlos Rodón,P,37.2,-0.4555622041225433,-2.4,0,Reuben
21513,Thaddeus Ward,P,30.1,-0.456017404794693,-3.0,0,
20132,Adam Oller,P,19.2,-0.4659330919384956,-4.9,0,
20277,Cory Abbott,P,27.2,-0.4660009145736694,-3.4,0,
20167,Kyle Muller,P,63.1,-0.4801222290843725,-1.5,0,
11294,Zach Neal,P,22.0,-0.481390580534935,-4.4,0,
19541,Jimmy Lambert,P,37.2,-0.4824504293501377,-2.6,0,
11762,Noah Syndergaard,P,88.2,-0.486105665564537,-1.1,0,Graham
19316,Eric Lauer,P,42.2,-0.4939316436648369,-2.3,0,
19911,José Suarez,P,24.1,-0.5018655061721802,-4.2,0,
15036,Chase De Jong,P,11.1,-0.5092082023620605,-9.2,0,
7115,Daniel Bard,P,45.0,-0.5183584094047546,-2.3,0,Sid
29928,Dylan Dodd,P,24.1,-0.5211446285247803,-4.3,0,
13896,Chris Flexen,P,72.2,-0.5347224846482277,-1.5,0,
25097,Garrett Hill,P,15.2,-0.5417540669441223,-7.1,0,
20418,Josh Fleming,P,51.2,-0.5484732389450073,-2.1,0,
12499,Drew Rucinski,P,18.0,-0.5588439702987671,-6.2,0,
14295,Wandy Peralta,P,47.2,-0.5633436441421509,-2.4,0,
15288,Adam Cimber,P,20.2,-0.5828967094421387,-5.8,0,
14975,Chad Kuhl,P,38.1,-0.5849543958902359,-3.1,0,
14681,Andrés Machado,P,33.2,-0.6022903323173523,-3.6,0,
14552,José Ruiz,P,44.1,-0.6566818431019783,-3.0,0,
22288,Mason Englert,P,56.0,-0.699219923466444,-2.5,0,
1246,Matt Bush,P,10.1,-0.7050471901893616,-14.0,0,
17282,Michael Kopech,P,124.0,-0.7117663025856018,-1.1,0,Benji
27451,Alec Marsh,P,49.1,-0.7461046669632196,-3.0,0,
14527,Jorge López,P,47.0,-0.760186493396759,-3.2,0,
11589,José Ureña,P,18.1,-0.796638011932373,-8.8,0,
2429,Corey Kluber,P,55.0,-0.8088866174221039,-2.9,0,
