Name,Team,POS,ADP,IP,mW,mERA,mWHIP,mSO,mSVHLD,PTS,aPOS,Dollars,PlayerId
"Joe Ryan","MIN","SP",135.64999389648438,61,3.59813724354921,1.7505652332154311,1.7364377698131392,2.37400596554201,-1.21766190641924,8.241484305700547,4.989136353769884,13.544134172983945,"21390"
"Shane McClanahan","TBR","SP",39.88999938964844,64,4.44475777144314,2.5160751083132182,-0.8708894133987043,2.75403117473458,-1.21766190641924,7.626312734672985,4.989136353769884,12.928962601956382,"21483"
"Nathan Eovaldi","TEX","SP",239.25,69.1,2.75151671565527,0.806857446560255,1.6533901853369006,2.06998579818796,-1.21766190641924,6.064088239321149,4.989136353769884,11.366738106604545,"9132"
"Shohei Ohtani","LAA","SP",8.279999732971191,59,1.90489618776134,-0.4540428811804023,2.4279247501358867,3.13405638392714,-1.21766190641924,5.795172534224728,4.989136353769884,11.097822401508125,"19755"
"Mitch Keller","PIT","SP",345.82000732421875,68.2,2.75151671565527,-0.4784551219298534,0.6964038953888101,3.51408159311971,-1.21766190641924,5.265885175814696,4.989136353769884,10.568535043098093,"17594"
"Eduardo Rodriguez","DET","SP",317.44000244140625,61.2,1.05827565986741,1.7755336555557795,1.5465125985161254,1.6899605889954,-1.21766190641924,4.8526205965154725,4.989136353769884,10.15527046379887,"13164"
"Bryce Miller","SEA","SP",999,31.1,0.211655131973483,2.3186350359331405,4.163296325367229,-0.818205791675531,-1.21766190641924,4.65771879517908,4.989136353769884,9.960368662462479,"29837"
"Zac Gallen","ARI","SP",72.04000091552734,66.2,2.75151671565527,-0.3371534241755682,0.6632308544526087,2.75403117473458,-1.21766190641924,4.61396341424765,4.989136353769884,9.916613281531047,"19291"
"Spencer Strider","ATL","SP/RP",26.09000015258789,57.2,1.05827565986741,-0.2877727610857673,0.2723998145454728,4.42614209518186,-1.21766190641924,4.2513829020897385,4.989136353769884,9.554032769373135,"27498"
"Framber Valdez","HOU","SP",76.06999969482422,66,1.05827565986741,1.201818504483874,0.6116036700553946,2.52601604921904,-1.21766190641924,4.180051977206478,4.989136353769884,9.482701844489874,"17295"
"Cristian Javier","HOU","SP/RP",53.209999084472656,58.2,1.90489618776134,-0.5539160943087538,1.4967530371118216,1.91797571451093,-1.21766190641924,3.5480469386561047,4.989136353769884,8.850696805939501,"17606"
"Yennier Cano","BAL","RP",999,26.2,-1.48158592381438,2.4888810071431853,3.864624467168392,-0.742200749837018,2.94174512173395,7.0714639223941305,1.358769708298282,8.743747144205924,"25911"
"Zach Eflin","TBR","SP/RP",271.8999938964844,54,3.59813724354921,-0.6872660898322185,0.6541187648578358,1.00591521244878,-1.21766190641924,3.3532432246043604,4.989136353769884,8.655893091887757,"13774"
"Clayton Kershaw","LAD","SP",116.51000213623047,57.1,2.75151671565527,-0.30025721037246506,-0.47807478363750483,2.2980009237035,-1.21766190641924,3.0535237389295626,4.989136353769884,8.356173606212959,"2036"
"Gerrit Cole","NYY","SP",15.869999885559082,67.2,1.90489618776134,0.9606431173681923,-1.2526093484364873,2.37400596554201,-1.21766190641924,2.7692740158158187,4.989136353769884,8.071923883099217,"13125"
"Dane Dunning","TEX","SP",648.8699951171875,43,1.05827565986741,2.2403105756206267,0.9547737205480256,-0.970215875352557,-0.623460902397357,2.659683178286152,4.989136353769884,7.962333045569549,"19409"
"Drew Smyly","CHC","SP",430.9800109863281,55.1,1.90489618776134,-0.15895551261817994,1.179625558363841,0.929910170610266,-1.21766190641924,2.63781449769803,4.989136353769884,7.940464364981429,"11760"
"Sonny Gray","MIN","SP",209.3300018310547,54.1,1.05827565986741,2.4530976327549245,-1.7356010471400547,2.06998579818796,-1.21766190641924,2.6280961372510028,4.989136353769884,7.930746004534401,"12768"
"Justin Steele","CHC","SP",292.6099853515625,65,2.75151671565527,0.2950069316318002,-0.612749552510954,1.38594042164134,-1.21766190641924,2.6020526099982244,4.989136353769884,7.904702477281622,"17312"
"Tyler Wells","BAL","SP",558.4199829101562,57,0.211655131973483,-1.4856960895011764,3.119411730458634,1.1579252961258,-1.21766190641924,1.7856341626375039,4.989136353769884,7.088284029920901,"20000"
"Merrill Kelly","ARI","SP",244.11000061035156,57.1,1.90489618776134,-0.30025721037246506,-0.2365214432178552,1.53795050531837,-1.21766190641924,1.6884061330701519,4.989136353769884,6.99105600035355,"11156"
"Logan Gilbert","SEA","SP",108,60,0.211655131973483,-1.893141120478448,2.202957930184337,2.2980009237035,-1.21766190641924,1.6018109589636298,4.989136353769884,6.904460826247027,"22250"
"Chris Bassitt","TOR","SP",165.22000122070312,62.1,1.90489618776134,-0.4580189704123353,0.32951783996194756,1.00591521244878,-1.21766190641924,1.564648363340494,4.989136353769884,6.867298230623891,"12304"
"Dustin May","LAD","SP",157.7100067138672,48,1.05827565986741,0.5186089408140108,1.52081300372783,-0.362175540644453,-1.21766190641924,1.5178601573455595,4.989136353769884,6.820510024628958,"19716"
"Kevin Gausman","TOR","SP",58.41999816894531,68.1,0.211655131973483,-0.49093909498350546,-1.0202830797473457,3.81810176047376,-1.21766190641924,1.3008728112971473,4.989136353769884,6.603522678580545,"14107"
"Jacob deGrom","TEX","SP",31.25,30.1,-0.634965395920448,0.2388685570060081,2.2142830815419314,0.473879919579189,-1.21766190641924,1.0744042557874391,4.989136353769884,6.377054123070836,"10954"
"Luis Castillo","SEA","SP",58.70000076293945,57.2,0.211655131973483,-0.2877727610857673,0.2723998145454728,2.06998579818796,-1.21766190641924,1.048606077201907,4.989136353769884,6.351255944485305,"15689"
"Drew Rasmussen","TBR","SP",153.1699981689453,44.2,1.05827565986741,0.43519578997124386,0.05677504846016358,0.625890003256214,-1.21766190641924,0.9584745951357939,4.989136353769884,6.261124462419192,"25385"
"Jeffrey Springs","TBR","SP/RP",149.24000549316406,16,-0.634965395920448,1.6064811988075178,2.1978110508468527,-1.12222595902958,-1.21766190641924,0.8294389882850989,4.989136353769884,6.132088855568497,"17677"
"Matt Moore","LAA","RP",639.02001953125,25,0.211655131973483,1.5571010119507631,1.6224297138008112,-1.35024108454512,2.34754411771207,4.388488890892002,1.358769708298282,6.0607721127037975,"1890"
"Bryce Elder","ATL","SP",624.8800048828125,58.1,0.211655131973483,2.170494237246353,-1.4277016248480023,0.929910170610266,-1.21766190641924,0.6666960085628585,4.989136353769884,5.9693458758462565,"27779"
"Jon Gray","TEX","SP",202.6699981689453,57.2,1.90489618776134,0.10321220760591901,-0.6938135471331256,0.549884961417702,-1.21766190641924,0.6465179032325975,4.989136353769884,5.949167770515996,"14916"
"Bryan Abreu","HOU","RP",481.57000732421875,23.2,-0.634965395920448,1.7233711320453975,1.3993315015675942,-0.0581553732904018,1.75334311369018,4.1829249780923226,1.358769708298282,5.855208199904119,"16609"
"Marcus Stroman","CHC","SP",261.8399963378906,64,1.05827565986741,-0.22081967252858617,-0.3877827325594051,1.1579252961258,-1.21766190641924,0.38993664448598564,4.989136353769884,5.692586511769384,"13431"
"Felix Bautista","BAL","RP",69.43000030517578,25,0.211655131973483,1.5571010119507631,-1.0346570308153344,0.853905128771753,2.34754411771207,3.93554835959273,1.358769708298282,5.607831581404525,"20666"
"Logan Webb","SFG","SP",109.51000213623047,65,0.211655131973483,-0.09597803705988615,-0.612749552510954,1.99398075634945,-1.21766190641924,0.2792463923328482,4.989136353769884,5.581896259616246,"17995"
"Josh Hader","SDP","RP",37.959999084472656,22,-2.32820645170831,1.964546042928034,1.8142234928161574,-0.514185624321479,2.64464461972301,3.581022079437411,1.358769708298282,5.253305301249206,"14212"
"George Kirby","SEA","SP",93.79000091552734,63,1.90489618776134,-1.5186162140723454,-0.4043692530275058,0.929910170610266,-1.21766190641924,-0.30584101514748224,4.989136353769884,4.996808852135915,"25436"
"Bailey Ober","MIN","SP",338.6300048828125,35.1,0.211655131973483,0.47209152754130146,0.6063418085821771,-0.666195707998505,-1.21766190641924,-0.5937691463207851,4.989136353769884,4.708880720962613,"21224"
"Hector Neris","HOU","RP",633.7000122070312,21.1,0.211655131973483,1.461203649937822,0.8572376952307755,-0.970215875352557,1.45624261167924,3.016123213468762,1.358769708298282,4.688406435280558,"11804"
"Tony Gonsolin","LAD","SP",212.60000610351562,29.2,-0.634965395920448,1.2994660387825414,1.0157439435368991,-1.1982310008681,-1.21766190641924,-0.7356483208883435,4.989136353769884,4.567001546395054,"19388"
"David Robertson","NYM","RP",311.760009765625,22.1,-0.634965395920448,1.195060316714836,0.6322708752792277,-0.970215875352557,2.64464461972301,2.8667945404440665,1.358769708298282,4.539077762255863,"8241"
"Alex Cobb","SFG","SP",217.63999938964844,58,1.05827565986741,1.7670252955010162,-3.3859419404038045,1.00591521244878,-1.21766190641924,-0.7723876790058374,4.989136353769884,4.530262188277561,"6562"
"Domingo German","NYY","SP",379.75,48,-0.634965395920448,-1.8273008713361072,2.0039196845671294,0.77790008693324,-1.21766190641924,-0.8981084021754268,4.989136353769884,4.404541465107971,"17149"
"Alex Lange","DET","RP",213.08999633789062,21.1,-0.634965395920448,1.461203649937822,0.615684354811126,-0.818205791675531,1.75334311369018,2.37705993084315,1.358769708298282,4.049343152654946,"19883"
"Michael Wacha","SDP","SP",373.69000244140625,50.1,1.90489618776134,-1.5651336273450551,-1.0772871077535089,0.473879919579189,-1.21766190641924,-1.4813065341772729,4.989136353769884,3.8213433331061246,"14078"
"John Brebbia","SFG","SP/RP",749.0599975585938,22,-0.634965395920448,-0.7723487379137706,-0.11820323054103905,-0.590190666159992,0.564941105646412,-1.5507669248888376,4.989136353769884,3.7518829423945594,"12777"
"Anthony DeSclafani","SFG","SP",438.510009765625,60.1,0.211655131973483,-1.489672178733109,0.2963447990257461,0.625890003256214,-1.21766190641924,-1.5734441508969075,4.989136353769884,3.72920571638649,"13050"
"Brent Suter","COL","RP",750.8699951171875,31,0.211655131973483,2.697135793454652,0.5141821345111673,-0.818205791675531,-0.623460902397357,1.9813063658664145,1.358769708298282,3.65358958767821,"13942"
"Vince Velasquez","PIT","SP/RP",703,35.1,1.05827565986741,-0.30987840984207127,-0.8429782339357204,-0.362175540644453,-1.21766190641924,-1.674418430974073,4.989136353769884,3.628231436309324,"11189"
"Carlos Estevez","LAA","RP",273.6600036621094,22,-1.48158592381438,1.5735610742363475,-0.35975657096068864,-0.742200749837018,2.94174512173395,1.9317629513582124,1.358769708298282,3.6040461731700075,"14542"
"Alexis Diaz","CIN","RP",121.8499984741211,18.2,-1.48158592381438,0.7081779860102086,0.8332922183877904,-0.28617049880594,2.05044361570112,1.824157397478803,1.358769708298282,3.4964406192905986,"21132"
"Devin Williams","MIL","RP",51.29999923706055,15.1,0.211655131973483,1.4941237745089917,0.7577185724221714,-1.50225116822215,0.862041607657354,1.823287918339853,1.358769708298282,3.4955711401516485,"15816"
"Nick Martinez","SDP","SP/RP",389.0899963378906,42.1,-0.634965395920448,-0.21795689894454082,-0.7268725906590154,-0.210165456967428,-0.0292598983754723,-1.8192202408669038,4.989136353769884,3.4834296264164935,"12730"
"David Bednar","PIT","RP",99.75,18,-0.634965395920448,1.0741945323615458,1.0232173896848062,-1.12222595902958,1.45624261167924,1.7964631787755603,1.358769708298282,3.468746400587356,"19569"
"Camilo Doval","SFG","RP",78.79000091552734,22.2,-1.48158592381438,0.8165595591933241,0.17497827900124546,-0.362175540644453,2.64464461972301,1.792420993458745,1.358769708298282,3.4647042152705407,"21992"
"Miguel Castro","ARI","RP",613.260009765625,22.1,0.211655131973483,0.4130903793314631,0.14916419443992843,-1.42624612638363,2.34754411771207,1.6952076970733057,1.358769708298282,3.367490918885101,"15684"
"Max Fried","ATL","SP",66.18000030517578,26,-0.634965395920448,0.8999727100360905,-0.051857148668635375,-1.04622091719107,-1.21766190641924,-2.050732658163304,4.989136353769884,3.251917209120094,"13743"
"Max Scherzer","NYM","SP",42.9900016784668,40.2,1.05827565986741,-1.2371256579786172,-0.7342310546711899,0.0178496685481112,-1.21766190641924,-2.1128932906535236,4.989136353769884,3.1897565766298737,"3137"
"Mark Leiter Jr.","CHC","RP",750.2999877929688,20.1,-1.48158592381438,0.9453770457774349,0.8406511747626749,-0.590190666159992,1.75334311369018,1.46759474425592,1.358769708298282,3.139877966067716,"15551"
"Caleb Ferguson","LAD","RP",749.2000122070312,18.1,0.211655131973483,1.4776637122234066,-0.15873522785212485,-1.27423604270661,1.1591421096683,1.4154896833064528,1.358769708298282,3.0877729051182485,"19349"
"Matt Strahm","PHI","RP",716.8800048828125,36.1,1.05827565986741,-0.5760217430650569,0.6229283290502778,0.929910170610266,-0.623460902397357,1.4116315140655435,1.358769708298282,3.083914735877339,"13799"
"Pablo Lopez","MIN","SP",163.97999572753906,60,-0.634965395920448,-2.6751110578618205,-0.4541288144318079,2.75403117473458,-1.21766190641924,-2.227835999898741,4.989136353769884,3.0748138673846563,"17085"
"Yu Darvish","SDP","SP",72.61000061035156,54,0.211655131973483,-1.8602209959072777,-0.7952012776600618,1.38594042164134,-1.21766190641924,-2.275488626371754,4.989136353769884,3.027161240911643,"13074"
"Paul Sewald","SEA","RP",158.5399932861328,22.2,-0.634965395920448,-0.356395346881735,0.8996383002601941,-0.666195707998505,2.05044361570112,1.2925254651606295,1.358769708298282,2.9648086869724253,"13892"
"Phil Maton","HOU","RP",750.3599853515625,23.1,-2.32820645170831,2.101871889566909,3.0643907999438245,-1.04622091719107,-0.623460902397357,1.1683744182139977,1.358769708298282,2.840657640025793,"18064"
"Ben Lively","CIN","SP",999,17,-0.634965395920448,0.16738295950947263,0.7650775287970556,-1.57825621006066,-1.21766190641924,-2.4984230240938206,4.989136353769884,2.8042268431895767,"14932"
"Nick Anderson","ATL","RP",714.0599975585938,22.1,0.211655131973483,-0.7598645267435961,1.1153775561185268,-0.894210833514044,1.45624261167924,1.1291999395136083,1.358769708298282,2.801483161325404,"18337"
"Shane Bieber","CLE","SP",53.849998474121094,71,1.05827565986741,-0.5198831303227415,-2.6872104934791956,0.77790008693324,-1.21766190641924,-2.588579783420525,4.989136353769884,2.7140700838628726,"19427"
"Evan Phillips","LAD","RP",211.72000122070312,19,-1.48158592381438,0.80805119913856,1.0398039101529069,-1.12222595902958,1.75334311369018,0.9973863401376868,1.358769708298282,2.6696695619494824,"17734"
"Jose Alvarado","PHI","RP",484.2799987792969,14.1,-2.32820645170831,1.3692821390402912,1.4657920732130194,-1.12222595902958,1.45624261167924,0.8408844131946578,1.358769708298282,2.5131676350064533,"17780"
"Josh Winckowski","BOS","RP",999,32.1,-0.634965395920448,0.8795365585185732,0.5565822471778751,-1.1982310008681,1.1591421096683,0.7620645185762014,1.358769708298282,2.4343477403879974,"22387"
"Chris Sale","BOS","SP",131.55999755859375,55.1,1.90489618776134,-4.45979016822673,-1.235907845832655,1.99398075634945,-1.21766190641924,-3.0144829763678365,4.989136353769884,2.2881668909155617,"10603"
"Jordan Romano","TOR","RP",47.040000915527344,20,0.211655131973483,-0.24006207146779884,-0.6344829523165397,-1.12222595902958,2.34754411771207,0.5624282668716273,1.358769708298282,2.234711488683423,"16122"
"Julio Urias","LAD","SP",58.310001373291016,55.1,1.90489618776134,-3.6778202308433574,-1.235907845832655,1.08192025428729,-1.21766190641924,-3.1445735410466185,4.989136353769884,2.1580763262367793,"14765"
"Justin Verlander","NYM","SP",39.18000030517578,25,-0.634965395920448,-0.788808800199355,0.8977696925418622,-1.42624612638363,-1.21766190641924,-3.1699125363808163,4.989136353769884,2.132737330902582,"8700"
"Brandon Woodruff","MIL","SP",34.970001220703125,11.1,-1.48158592381438,0.9947572326341897,0.4498191501301189,-2.03428646109174,-1.21766190641924,-3.288957908561049,4.989136353769884,2.013691958722349,"16162"
"Jason Foley","DET","RP",733.8400268554688,21.1,-1.48158592381438,1.0702186812461356,0.37413101439147645,-1.73026629373769,2.05044361570112,0.2829410937866709,1.358769708298282,1.9552243155984663,"19531"
"Joel Payamps","MIL","RP",999,24.1,-0.634965395920448,0.662773650268864,0.18233723537612984,-0.818205791675531,0.862041607657354,0.2539813057063695,1.358769708298282,1.926264527518165,"14332"
"Hunter Brown","HOU","RP",209.19000244140625,57.2,1.90489618776134,-0.6787577297774537,-1.9015802492313734,2.06998579818796,-1.21766190641924,0.1768821005212355,1.358769708298282,1.849165322333031,"25880"
"Erik Swanson","TOR","RP",526.739990234375,24,-0.634965395920448,-0.5226654669763693,-0.0850301896048368,-0.666195707998505,2.05044361570112,0.14158685520096398,1.358769708298282,1.8138700770127594,"16587"
"Taj Bradley","TBR","SP",556.280029296875,24.1,0.211655131973483,-1.6831361618812541,-0.542322785882819,-0.362175540644453,-1.21766190641924,-3.5936412628542853,4.989136353769884,1.7090086044291124,"22543"
"Josiah Gray","WSN","SP",368.8800048828125,57.2,1.05827565986741,0.4941971762976054,-4.558666993847519,0.625890003256214,-1.21766190641924,-3.597966060845527,4.989136353769884,1.7046838064378709,"24580"
"Alex Faedo","DET","SP",750.3099975585938,21.2,-1.48158592381438,-1.263206919733808,1.6077118010510425,-1.27423604270661,-1.21766190641924,-3.628978991622994,4.989136353769884,1.6736708756604037,"19874"
"Tyler Rogers","SFG","RP",750.6400146484375,26,-2.32820645170831,0.8999727100360905,0.43124953217066386,-1.35024108454512,2.34754411771207,0.00031882366538928635,1.358769708298282,1.672602045477185,"15541"
"Andrew Chafin","ARI","RP",563.97998046875,19.1,-0.634965395920448,-0.3524194957663246,-0.6252553882233233,-0.742200749837018,2.34754411771207,-0.007296912035048109,1.358769708298282,1.6649863097767472,"12988"
"Hunter Harvey","WSN","RP",502.54998779296875,23.1,-0.634965395920448,-1.0260078599665818,0.4073040553276787,-0.818205791675531,2.05044361570112,-0.021431376533758914,1.358769708298282,1.6508518452780367,"15507"
"Will Smith","TEX","RP",519.72998046875,17,-2.32820645170831,0.16738295950947263,0.7650775287970556,-1.35024108454512,2.64464461972301,-0.10134242822389454,1.358769708298282,1.570940793587901,"8048"
"Bryan Baker","BAL","RP",684.4000244140625,22.2,0.211655131973483,0.034589621809951336,-1.0327884230970024,-0.818205791675531,1.45624261167924,-0.14850684930986058,1.358769708298282,1.5237763725019349,"19804"
"Tyler Mahle","MIN","SP",241.05999755859375,25.2,-1.48158592381438,-0.3728554091673202,-0.016815500014102005,-0.818205791675531,-1.21766190641924,-3.907124531090573,4.989136353769884,1.3955253361928248,"16358"
"Jaime Barria","LAA","RP",750.4500122070312,28,-1.48158592381438,1.540640949665178,1.4306359347854638,-0.894210833514044,-0.920561404408299,-0.3250812772860795,1.358769708298282,1.347201944525716,"18356"
"Kutter Crawford","BOS","SP/RP",583.6699829101562,27.2,-1.48158592381438,-0.9051420756132915,0.49946422176139854,-0.894210833514044,-1.21766190641924,-3.999136517599557,4.989136353769884,1.3035133496838411,"20531"
"Tanner Scott","MIA","RP",556.9600219726562,23.2,0.211655131973483,-1.013523648796407,-0.7746485622092522,-0.590190666159992,1.75334311369018,-0.4133646315019877,1.358769708298282,1.258918590309808,"17586"
"Carlos Hernandez","KCR","SP/RP",749.8300170898438,25,-2.32820645170831,-0.788808800199355,-0.3099970095563857,-0.362175540644453,-0.326360400386415,-4.115548202494918,4.989136353769884,1.1871016647884793,"22713"
"Corbin Burnes","MIL","SP",16.280000686645508,56.2,1.05827565986741,-2.758524208704587,-2.1597201101191237,0.929910170610266,-1.21766190641924,-4.1477203947652725,4.989136353769884,1.1549294725181256,"19361"
"Trevor Stephan","CLE","RP",648.8900146484375,21.1,-0.634965395920448,0.6792337125544491,-1.3167423685460706,-1.04622091719107,1.75334311369018,-0.5653518554129581,1.358769708298282,1.1069313663988374,"19932"
"Andrew Heaney","TEX","SP",220.08999633789062,48,0.211655131973483,-2.6092708087194803,-1.6193804217276146,1.00591521244878,-1.21766190641924,-4.228742792444074,4.989136353769884,1.0739070748393238,"15423"
"Charlie Morton","ATL","SP",158.24000549316406,52.1,1.90489618776134,-1.70643532509934,-4.425860832692402,1.1579252961258,-1.21766190641924,-4.287136580323835,4.989136353769884,1.015513286959563,"4676"
"Chase Anderson","COL","SP",999,15.2,-2.32820645170831,1.1156228979292182,0.3004257299628338,-2.49031671212282,-0.920561404408299,-4.323035940347371,4.989136353769884,0.9796139269360264,"6895"
"Drew Smith","NYM","RP",749.7000122070312,17.1,0.211655131973483,-0.21111779801203945,-0.6584284291595247,-1.1982310008681,1.1591421096683,-0.6969799863978805,1.358769708298282,0.9753032354139152,"17755"
"Zack Wheeler","PHI","SP",54.79999923706055,57,0.211655131973483,-3.049635964267922,-2.194761758773657,1.91797571451093,-1.21766190641924,-4.332428782976403,4.989136353769884,0.9702210843069943,"10310"
"Wade Miley","MIL","SP",540.280029296875,41.2,0.211655131973483,-1.5032689912016026,-0.717644534203089,-1.12222595902958,-1.21766190641924,-4.349146258880032,4.989136353769884,0.9535036084033652,"8779"
"Giovanny Gallegos","STL","RP",310.3399963378906,20.2,-1.48158592381438,0.5668762882559232,0.14180523806504405,-1.42624612638363,1.45624261167924,-0.7429079121978066,1.358769708298282,0.9293753096139891,"14986"
"Joe Kelly","CHW","RP",726.6099853515625,14.1,-1.48158592381438,0.196327232965232,1.4657920732130194,-1.50225116822215,0.564941105646412,-0.7567766802118618,1.358769708298282,0.9155065415999338,"9761"
"Dauri Moreta","PIT","RP",750.719970703125,22.1,-1.48158592381438,0.8040753480231495,0.6322708752792277,-0.438180582482966,-0.326360400386415,-0.8097806833813823,1.358769708298282,0.8625025384304134,"21101"
"Peter Strzelecki","MIL","RP",732.4299926757812,22,-0.634965395920448,-0.7723487379137706,-0.35975657096068864,-1.42624612638363,2.34754411771207,-0.8457727134664758,1.358769708298282,0.8265105083453199,"21367"
"Kyle Nelson","ARI","RP",750.25,19.1,1.05827565986741,0.42955044161704814,-1.349915409482272,-1.27423604270661,0.26784060363547,-0.8684847470689492,1.358769708298282,0.8037984747428464,"20515"
"Colin Poche","TBR","RP",720.719970703125,17.2,0.211655131973483,0.9743213192331943,-1.1157210254375067,-2.11029150293025,1.1591421096683,-0.8808939674927839,1.358769708298282,0.7913892543190116,"19403"
"Kyle Gibson","BAL","SP",443.5400085449219,66,2.75151671565527,-2.7080311824329892,-3.7363564574982977,0.397874877740676,-1.21766190641924,-4.512657952954578,4.989136353769884,0.7899919143288197,"10123"
"Jesse Chavez","ATL","RP",999,22.1,-2.32820645170831,0.8040753480231495,-0.09238914597972117,-1.04622091719107,1.75334311369018,-0.9093980531657696,1.358769708298282,0.7628851686460262,"5448"
"Jhoan Duran","MIN","RP",116.38999938964844,18.1,-2.32820645170831,1.0866787435317204,0.5659247934068239,-1.12222595902958,0.862041607657354,-0.935787266141993,1.358769708298282,0.7364959556698025,"21029"
"Justin Lawrence","COL","RP",746.9400024414062,27,-1.48158592381438,0.6338293768131046,-0.03527062820053467,-0.666195707998505,0.564941105646412,-0.9842817775539014,1.358769708298282,0.6880014442578941,"17639"
"Jorge Lopez","MIN","RP",235.6199951171875,22,-1.48158592381438,0.4006061681612885,0.12335010987861053,-1.50225116822215,1.45624261167924,-1.0036382023173878,1.358769708298282,0.6686450194944078,"14527"
"Danny Coulombe","BAL","RP",999,18.2,-1.48158592381438,0.3171930173185222,-0.13292114329080784,-0.894210833514044,1.1591421096683,-1.0323827736324114,1.358769708298282,0.6399004481793842,"13293"
"Adbert Alzolay","CHC","RP",466.25,24,-1.48158592381438,0.25930447040700333,0.8811831720737615,-1.27423604270661,0.564941105646412,-1.0503932183938098,1.358769708298282,0.6218900034179857,"17859"
"Jose Berrios","TOR","SP",241.14999389648438,59.2,1.05827565986741,-3.556954208373544,-2.351513889134471,1.38594042164134,-1.21766190641924,-4.6819139224185,4.989136353769884,0.6207359448648979,"14168"
"Jesus Luzardo","MIA","SP",143.3800048828125,61.1,1.05827565986741,-2.146800480647781,-4.759688829318794,2.37400596554201,-1.21766190641924,-4.69186959097639,4.989136353769884,0.6107802763070073,"19959"
"Aaron Nola","PHI","SP",33.560001373291016,68.2,1.05827565986741,-5.170274746230089,-0.9944694875487369,1.61395554715688,-1.21766190641924,-4.710174933173772,4.989136353769884,0.5924749341096253,"16149"
"Patrick Sandoval","LAA","SP",202.72999572753906,49.1,0.211655131973483,-1.2989902941220688,-2.0600869899002077,-0.362175540644453,-1.21766190641924,-4.7272595991124895,4.989136353769884,0.5753902681709085,"19447"
"Michael King","NYY","RP",495.239990234375,27.2,-1.48158592381438,1.0497827678451401,0.01635754092209941,-0.666195707998505,-0.0292598983754723,-1.1109012214211162,1.358769708298282,0.5613820003906793,"19853"
"Brusdar Graterol","LAD","RP",368.45001220703125,20.2,-0.634965395920448,0.5668762882559232,-0.5828547831939047,-1.73026629373769,1.1591421096683,-1.2220680749278185,1.358769708298282,0.450215146883977,"20367"
"Steven Wilson","SDP","RP",999,24.1,-1.48158592381438,-0.11919628711450869,-0.30076944546316936,-0.818205791675531,1.45624261167924,-1.2635148363883486,1.358769708298282,0.408768385423447,"20353"
"Kendall Graveman","CHW","RP",309.9100036621094,20.1,-1.48158592381438,-0.22757786029762422,0.11599115350372617,-1.42624612638363,1.75334311369018,-1.2660756433017297,1.358769708298282,0.40620757851006595,"15514"
"Ryan Helsley","STL","RP",63.90999984741211,21,-0.634965395920448,-0.11522043599909822,-0.8594497722680886,-0.818205791675531,1.1591421096683,-1.2686992861948692,1.358769708298282,0.4035839356169265,"18138"
"Adrian Houser","MIL","SP",716.2899780273438,20,-1.48158592381438,0.5419078659155739,-0.8760362927361892,-1.88227637741471,-1.21766190641924,-4.915652634468946,4.989136353769884,0.386997232814451,"12718"
"Emmanuel Clase","CLE","RP",28.040000915527344,25,-1.48158592381438,-0.788808800199355,-1.276210371234984,-1.57825621006066,3.83304662776678,-1.2918146775426005,1.358769708298282,0.3804685442691952,"21032"
"Mason Miller","OAK","SP",999,21.1,-2.32820645170831,-0.49372119352061,0.37413101439147645,-1.27423604270661,-1.21766190641924,-4.939694579963293,4.989136353769884,0.36295528732010546,"31757"
"Chris Devenski","LAA","RP",999,14.2,-0.634965395920448,-0.18217364361454114,1.4916059115929816,-1.95828141925322,-0.0292598983754723,-1.3130744455707042,1.358769708298282,0.3592087762410914,"12763"
"Ian Hamilton","NYY","RP",999,22,-1.48158592381438,1.5735610742363475,-0.11820323054103905,-0.666195707998505,-0.623460902397357,-1.315884690514932,1.358769708298282,0.3563985312968636,"19261"
"Brooks Raley","NYM","RP",638.5399780273438,16.2,-1.48158592381438,-0.32347522231056514,-0.16609418422700922,-1.73026629373769,2.34754411771207,-1.3538775063775732,1.358769708298282,0.31840571543422247,"10061"
"Tim Mayza","TOR","RP",750.530029296875,18.2,-1.48158592381438,1.4901479233935813,-0.13292114329080784,-1.50225116822215,0.26784060363547,-1.358769708298282,1.358769708298282,0.31351351351351353,"15042"
"Michael Kopech","CHW","SP",281.8500061035156,57.1,0.211655131973483,-3.4281369599059563,-2.168948166575052,1.61395554715688,-1.21766190641924,-4.989136353769884,4.989136353769884,0.31351351351351353,"17282"
"Dylan Floro","MIA","RP",299.6199951171875,23,-0.634965395920448,-0.64750710244507,-0.5847233909122375,-1.27423604270661,1.75334311369018,-1.3880888182941828,1.358769708298282,0.2841944035176127,"13394"
"Aaron Civale","CLE","SP",309.2099914550781,12.2,-1.48158592381438,-0.040871945860255686,0.009112828138882067,-2.33830662844579,-1.21766190641924,-5.069313576400783,4.989136353769884,0.23333629088261482,"19479"
"Ryan Pressly","HOU","RP",55.650001525878906,20.1,-2.32820645170831,-0.22757786029762422,1.0822045151823245,-1.42624612638363,1.45624261167924,-1.4435833115280043,1.358769708298282,0.2286999102837914,"7005"
"Ian Gibaut","CIN","RP",748.2000122070312,22.1,1.05827565986741,-0.7598645267435961,-1.0586025076583196,-1.27423604270661,0.564941105646412,-1.4694863115946983,1.358769708298282,0.20279691021709728,"17871"
"Wandy Peralta","NYY","RP",740.97998046875,20.2,-0.634965395920448,0.17589131956423676,-0.8244081236135543,-1.35024108454512,1.1591421096683,-1.4745811748465902,1.358769708298282,0.19770204696520544,"14295"
"Tanner Bibee","CLE","SP",999,28.1,-1.48158592381438,-0.4017996826230796,-0.9590833848497153,-1.04622091719107,-1.21766190641924,-5.106351814897484,4.989136353769884,0.19629805238591325,"30134"
"Lucas Giolito","CHW","SP",140.8000030517578,63.1,0.211655131973483,-3.07007211578544,-3.0356424054450457,1.91797571451093,-1.21766190641924,-5.1937455811653095,4.989136353769884,0.1089042861180877,"15474"
"Steven Okert","MIA","RP",750.8300170898438,14.1,-1.48158592381438,0.5873122016569183,0.9826853923737203,-1.35024108454512,-0.326360400386415,-1.5881898147152755,1.358769708298282,0.08409340709652,"13580"
"A.J. Puk","MIA","RP",367.0299987792969,14.2,0.211655131973483,-0.18217364361454114,-0.6823741521838649,-1.50225116822215,0.564941105646412,-1.5902027264006584,1.358769708298282,0.08208049541113716,"19343"
"Luis Garcia","HOU","SP",154.83999633789062,27,-0.634965395920448,-1.3210954666453272,-1.4845906707184322,-0.590190666159992,-1.21766190641924,-5.24850410586344,4.989136353769884,0.05414576141995758,"23735"
"Drew VerHagen","STL","RP",750.6699829101562,25.2,0.211655131973483,-0.7638403778590065,-0.7414755212730508,-0.894210833514044,0.564941105646412,-1.6229304950262065,1.358769708298282,0.04935272678558911,"13424"
"Jason Adam","TBR","RP",290.7099914550781,20.1,-1.48158592381438,-0.6185628289893107,-0.6086688677552227,-0.970215875352557,2.05044361570112,-1.628589880210345,1.358769708298282,0.04369334160145072,"11861"
"Scott Alexander","SFG","RP",999,19.1,1.05827565986741,-1.1343894331496973,0.5825113138749246,-2.18629654476876,-0.0292598983754723,-1.7091589025515954,1.358769708298282,-0.03687568073979969,"10591"
"Mike Baumann","BAL","RP",748.9299926757812,27,1.05827565986741,-0.9301104979536409,-0.5183773090398338,-0.742200749837018,-0.623460902397357,-1.7558737993604363,1.358769708298282,-0.08359057754864074,"20206"
"Jimmy Cordero","NYY","RP",750.52001953125,22.1,0.211655131973483,-0.7598645267435961,0.390717534859578,-1.27423604270661,-0.326360400386415,-1.7580883030035583,1.358769708298282,-0.08580508119176283,"15690"
"J.P. France","HOU","SP",999,21,-1.48158592381438,-0.5062054046907847,-0.617896431848439,-1.57825621006066,-1.21766190641924,-5.401605876833504,4.989136353769884,-0.0989560095501057,"21212"
"German Marquez","COL","SP",448.9200134277344,20,-0.634965395920448,-1.8040019462345442,-0.1513762714772405,-1.65426125189917,-1.21766190641924,-5.462266771950647,4.989136353769884,-0.1596169046672491,"15038"
"Eury Perez","MIA","SP",999,14,-1.48158592381438,-0.5981269155883153,-0.4924487347054943,-1.73026629373769,-1.21766190641924,-5.520089774265115,4.989136353769884,-0.21743990698171722,"27768"
"Kyle Freeland","COL","SP",616.530029296875,58.1,1.05827565986741,-2.5213253870538836,-3.1185750077855494,0.24586479406365,-1.21766190641924,-5.553421847327611,4.989136353769884,-0.2507719800442134,"16256"
"Enyel De Los Santos","CLE","RP",749.7999877929688,18,-0.634965395920448,0.6832095636698594,0.29855736842585734,-1.65426125189917,-0.623460902397357,-1.9309206181212613,1.358769708298282,-0.2586373963094656,"18403"
"Scott McGough","ARI","RP",426.0799865722656,25.2,-2.32820645170831,-1.1548253465506928,0.4662911808251972,-0.970215875352557,2.05044361570112,-1.9365128770852384,1.358769708298282,-0.2642296552734428,"12056"
"Eli Morgan","CLE","RP",730.3400268554688,21,-0.634965395920448,1.0577344700759608,-0.8594497722680886,-1.1982310008681,-0.326360400386415,-1.9612720993670856,1.358769708298282,-0.2889888775552901,"20203"
"Louie Varland","MIN","SP",744.6500244140625,34,-0.634965395920448,-2.0111438931311687,-1.368485027441727,-0.362175540644453,-1.21766190641924,-5.594431763557039,4.989136353769884,-0.29178189627364093,"27691"
"Aroldis Chapman","KCR","RP",334.3800048828125,18.2,-1.48158592381438,-0.07379195137316419,-1.0991345049694061,-0.590190666159992,1.1591421096683,-2.085560936648644,1.358769708298282,-0.4132777148368486,"10233"
"Andrew Nardi","MIA","RP",749.9199829101562,23.2,0.211655131973483,-0.2315537114130344,-0.7746485622092522,-0.970215875352557,-0.326360400386415,-2.0911234173877755,1.358769708298282,-0.4188401955759796,"25942"
"Trevor Rogers","MIA","SP",232.5399932861328,18,-1.48158592381438,-0.8807303110968862,-0.667655993252741,-1.50225116822215,-1.21766190641924,-5.749885302805394,4.989136353769884,-0.4472354355219962,"22286"
"Drey Jameson","ARI","SP",402.6199951171875,17,-0.634965395920448,-0.6145869778739002,-1.8920092158190898,-1.73026629373769,-0.920561404408299,-5.792389287759422,4.989136353769884,-0.48973942047602437,"26260"
"Michael Tonkin","ATL","RP",999,26.1,0.211655131973483,-0.6514829535604802,0.6986169571516304,-1.50225116822215,-0.920561404408299,-2.164023437065813,1.358769708298282,-0.49174021525401757,"10315"
"Jake Bird","COL","RP",999,33.2,-1.48158592381438,0.6258776745822843,-0.3672300171085955,-0.362175540644453,-0.623460902397357,-2.2085747093825003,1.358769708298282,-0.5362914875707044,"21267"
"Kodai Senga","NYM","SP",180.47000122070312,48,1.05827565986741,-2.2182858400277934,-5.242680528022358,1.6899605889954,-1.21766190641924,-5.930392025606586,4.989136353769884,-0.6277421583231877,"31838"
"Chris Martin","BOS","RP",568.5499877929688,13,-2.32820645170831,0.8409713237097296,0.21562476608535372,-2.26230158660728,1.1591421096683,-2.3747698388522056,1.358769708298282,-0.7024866170404102,"11847"
"Andrew Vasquez","PHI","RP",748.7899780273438,22.1,-1.48158592381438,1.5860452854065223,0.14916419443992843,-1.42624612638363,-1.21766190641924,-2.3902844767708036,1.358769708298282,-0.7180012549590079,"19482"
"Nick Sandlin","CLE","RP",749.75,18.1,-0.634965395920448,-0.47726113123502517,1.2905848146657728,-1.65426125189917,-0.920561404408299,-2.396464368797172,1.358769708298282,-0.7241811469853764,"20517"
"Michael Lorenzen","DET","SP",535.3699951171875,39.2,-0.634965395920448,-2.1439372308306908,-1.475477596398239,-0.590190666159992,-1.21766190641924,-6.062232795728611,4.989136353769884,-0.7595829284452132,"14843"
"Craig Kimbrel","PHI","RP",266.05999755859375,19,0.211655131973483,-2.3198285503949307,-1.1341761536239392,-0.666195707998505,1.45624261167924,-2.4523026683646534,1.358769708298282,-0.7800194465528577,"6655"
"Will Vest","DET","RP",748.969970703125,16,-1.48158592381438,0.8245112614241448,0.748491008328955,-1.65426125189917,-0.920561404408299,-2.4834063103687507,1.358769708298282,-0.8111230885569553,"19769"
"Shelby Miller","LAD","RP",744.1199951171875,23,-1.48158592381438,0.13446283493830274,0.3814899707663608,-1.1982310008681,-0.326360400386415,-2.4902245193642245,1.358769708298282,-0.8179412975524293,"10197"
"Brock Stewart","MIN","RP",999,13,-1.48158592381438,1.6229412610931024,-0.7505885955932446,-1.88227637741471,-0.0292598983754723,-2.520769534104705,1.358769708298282,-0.8484863122929093,"16727"
"Clay Holmes","NYY","RP",93.29000091552734,20,-0.634965395920448,-0.24006207146779884,-1.8422496544147875,-0.970215875352557,1.1591421096683,-2.5283508874872944,1.358769708298282,-0.8560676656754987,"13649"
"Justin Topa","SEA","RP",999,19.1,-2.32820645170831,0.03856547292536182,-0.38370204780367373,-1.65426125189917,1.75334311369018,-2.5742611647956126,1.358769708298282,-0.9019779429838172,"15145"
"Gabe Speier","SEA","RP",999,17.2,-1.48158592381438,-0.19863358684186483,0.33359901708039064,-1.8062713355762,0.564941105646412,-2.587950723505639,1.358769708298282,-0.9156675016938437,"17170"
"Chase Silseth","LAA","SP",658.5999755859375,13.2,-1.48158592381438,-1.0889852164666143,-0.698960672651966,-2.03428646109174,-0.920561404408299,-6.224379678432996,4.989136353769884,-0.9217298111495981,"30074"
"Martin Perez","TEX","SP",318.1700134277344,56.1,2.75151671565527,-2.380023689299597,-5.567281452918246,0.169859752225137,-1.21766190641924,-6.243590580756673,4.989136353769884,-0.9409407134732756,"6902"
"John Schreiber","BOS","RP",564.3499755859375,17,-1.48158592381438,0.558367928201159,-0.9257958541404913,-1.35024108454512,0.564941105646412,-2.6343138286524197,1.358769708298282,-0.9620306068406242,"20020"
"Brayan Bello","BOS","SP",390.6499938964844,35.1,0.211655131973483,-1.8738182846088165,-3.258511638132216,-0.134160415128915,-1.21766190641924,-6.2724971123157065,4.989136353769884,-0.9698472450323085,"23920"
"Colin Holderman","PIT","RP",999,18.1,-2.32820645170831,0.30470880614834756,-0.8833952491110737,-1.1982310008681,1.45624261167924,-2.6488812838598923,1.358769708298282,-0.9765980620480968,"22361"
"Yusei Kikuchi","TOR","SP/RP",443.4700012207031,51.1,1.90489618776134,-3.7862018040264718,-3.9593406723212032,0.701895045094727,-1.21766190641924,-6.356413149910846,4.989136353769884,-1.0537632826274481,"20633"
"Bryse Wilson","MIL","RP",745.2999877929688,26.2,-1.48158592381438,0.14297119499306687,-0.24178231996565092,-1.12222595902958,-0.0292598983754723,-2.731882906192017,1.358769708298282,-1.0595996843802218,"19990"
"Jose Cisnero","DET","RP",694.8499755859375,19,-0.634965395920448,0.4170662304468735,-1.6172828344632386,-1.50225116822215,0.564941105646412,-2.7724920625125478,1.358769708298282,-1.1002088407007524,"6399"
"Yonny Chirinos","TBR","RP",596.2100219726562,29,-0.634965395920448,0.10154271036713318,0.7225624339946155,-2.11029150293025,-0.920561404408299,-2.841713158897249,1.358769708298282,-1.1694299370854533,"16401"
"Jeff Brigham","NYM","RP",750.6900024414062,16.1,-2.32820645170831,0.055025535210946615,1.2574117737295714,-1.50225116822215,-0.326360400386415,-2.844380711376353,1.358769708298282,-1.1720974895645573,"16631"
"Tyler Holton","DET","RP",999,24.1,-2.32820645170831,0.662773650268864,1.3901039374743778,-1.65426125189917,-0.920561404408299,-2.8501515202725396,1.358769708298282,-1.1778682984607434,"26231"
"Carl Edwards Jr.","WSN","RP",719.75,21.2,-1.48158592381438,-0.09025201365874896,-1.5324816244044022,-1.8062713355762,2.05044361570112,-2.8601472817526052,1.358769708298282,-1.18786405994081,"13607"
"James Paxton","BOS","SP",481.30999755859375,14,-1.48158592381438,-1.3800968529716882,-0.9755554155447934,-1.50225116822215,-1.21766190641924,-6.557151266972248,4.989136353769884,-1.2545013996888499,"11828"
"Rich Hill","PIT","SP",602.6099853515625,52.2,1.05827565986741,-3.257890750579388,-4.158492915348723,1.00591521244878,-1.21766190641924,-6.5698547000311605,4.989136353769884,-1.2672048327477627,"4806"
"Ryan Weathers","SDP","SP",747.9600219726562,29.2,-1.48158592381438,-1.437428742059263,-1.158236120239947,-1.57825621006066,-0.920561404408299,-6.576068400582549,4.989136353769884,-1.2734185332991506,"23796"
"Brock Burke","TEX","RP",544.469970703125,19.1,-0.634965395920448,-0.7434044644580109,-0.38370204780367373,-1.8062713355762,0.564941105646412,-3.003402138111919,1.358769708298282,-1.3311189163001234,"17968"
"Ron Marinaccio","NYY","RP",711.0399780273438,25.1,-0.634965395920448,-1.5582945264125534,-0.5257362654147183,-0.590190666159992,0.26784060363547,-3.041346250272242,1.358769708298282,-1.3690630284604461,"23488"
"James Karinchak","CLE","RP",404.17999267578125,21.2,-1.48158592381438,-1.6541918884254943,-0.8078216031454536,-0.590190666159992,1.45624261167924,-3.0775474698660803,1.358769708298282,-1.4052642480542845,"20151"
"Matthew Liberatore","STL","SP",593.7000122070312,11,-1.48158592381438,-0.972651821994417,-0.7837616365294465,-2.26230158660728,-1.21766190641924,-6.717962875364759,4.989136353769884,-1.415313008081362,"22294"
"Trevor Gott","SEA","RP",999,22.2,-2.32820645170831,0.8165595591933241,-1.5158951039363018,-0.970215875352557,0.862041607657354,-3.1357162641464886,1.358769708298282,-1.4634330423346933,"15046"
"Matt Manning","DET","SP",495.1700134277344,11.2,-1.48158592381438,-0.947683518712329,-0.7321337135881674,-2.4143116702843,-1.21766190641924,-6.793376732818419,4.989136353769884,-1.4907268655350205,"20369"
"Dylan Lee","ATL","RP",720.5399780273438,20.1,-1.48158592381438,-0.22757786029762422,-0.8502222081748723,-1.1982310008681,0.564941105646412,-3.1926758875085586,1.358769708298282,-1.5203926656967628,"19996"
"Logan Allen","CLE","SP",999,32.2,-1.48158592381438,-0.6719188669614754,-3.0409032821928417,-0.438180582482966,-1.21766190641924,-6.8502505618709035,4.989136353769884,-1.5476006945875058,"27589"
"Alex Wood","SFG","SP",344.0299987792969,25.2,-1.48158592381438,-0.7638403778590065,-2.432348904210598,-0.970215875352557,-1.21766190641924,-6.865652987655781,4.989136353769884,-1.5630031203723833,"13781"
"Jalen Beeks","TBR","SP/RP",726.760009765625,26.2,-1.48158592381438,-2.2029386171570513,-1.449549022063899,-1.12222595902958,-0.623460902397357,-6.879760424462268,4.989136353769884,-1.57711055717887,"17192"
"Hunter Greene","CIN","SP",106.02999877929688,56,-1.48158592381438,-3.174477599736622,-4.143775002598955,3.13405638392714,-1.21766190641924,-6.8834440486420565,4.989136353769884,-1.5807941813586588,"22182"
"Victor Gonzalez","LAD","RP",999,13.2,-1.48158592381438,0.474954658300131,0.508806029446282,-1.88227637741471,-0.920561404408299,-3.300663017890976,1.358769708298282,-1.6283797960791802,"16408"
"Andrew Wantz","LAA","RP",999,21.2,-1.48158592381438,-0.4812369823504354,0.39994509895279434,-1.42624612638363,-0.326360400386415,-3.3154843339820683,1.358769708298282,-1.6432011121702725,"24933"
"Buck Farmer","CIN","RP",750.2899780273438,24,-2.32820645170831,-0.131680498284683,0.8811831720737615,-1.12222595902958,-0.623460902397357,-3.3243906393461704,1.358769708298282,-1.6521074175343746,"14814"
"Kris Bubic","KCR","SP",722.0900268554688,16,-2.32820645170831,-0.7394286133426007,-0.9423823746085922,-1.73026629373769,-1.21766190641924,-6.95794563981643,4.989136353769884,-1.655295772533032,"21455"
"Derek Law","CIN","RP",999,21,0.211655131973483,0.2757645326925881,-2.067216474366336,-1.42624612638363,-0.326360400386415,-3.332403336470315,1.358769708298282,-1.6601201146585192,"13133"
"Penn Murfee","SEA","RP",745.4000244140625,13,-1.48158592381438,0.8409713237097296,-0.025928574334295854,-1.8062713355762,-0.920561404408299,-3.3933759144234426,1.358769708298282,-1.7210926926116468,"25174"
"Kevin Herget","CIN","RP",999,16.2,-1.48158592381438,0.8494796837644941,0.3170124966122899,-2.18629654476876,-0.920561404408299,-3.4219516926146576,1.358769708298282,-1.7496684708028618,"15369"
"Freddy Peralta","MIL","SP",144.02000427246094,54.1,1.90489618776134,-4.584631803695431,-4.63424113217585,1.46194546347986,-1.21766190641924,-7.069693191049322,4.989136353769884,-1.767043323765924,"18679"
"MacKenzie Gore","WSN","SP",364.2699890136719,51,0.211655131973483,-2.2347459023133784,-5.6760276474573566,1.84197067267242,-1.21766190641924,-7.074809651544072,4.989136353769884,-1.7721597842606744,"22201"
"Connor Brogdon","PHI","RP",748.6599731445312,25.2,-0.634965395920448,0.4091145282160526,-1.7076888829516492,-1.1982310008681,-0.326360400386415,-3.4581311519105546,1.358769708298282,-1.7858479300987589,"21205"
"Chris Stratton","STL","RP",747.6900024414062,30.1,-1.48158592381438,-1.3250713177607374,0.7649630390240342,-0.514185624321479,-0.920561404408299,-3.4764412312808597,1.358769708298282,-1.804158009469064,"13761"
"Trevor Williams","WSN","SP/RP",616.219970703125,50,-0.634965395920448,-3.1415574751654516,-2.0693140616307124,-0.134160415128915,-1.21766190641924,-7.197659254264767,4.989136353769884,-1.89500938698137,"16977"
"Pete Fairbanks","TBR","RP",136.7899932861328,11.2,-2.32820645170831,0.6162563560544164,-0.24902703274886823,-2.18629654476876,0.564941105646412,-3.5823325675251128,1.358769708298282,-1.9100493457133174,"17998"
"Keynan Middleton","CHW","RP",750.75,16.1,-2.32820645170831,0.8369954725943193,-0.6750149496276255,-1.1982310008681,-0.326360400386415,-3.6908173299961256,1.358769708298282,-2.0185341081843298,"15264"
"Tylor Megill","NYM","SP/RP",402.3699951171875,50,1.90489618776134,-3.1415574751654516,-4.967954146666508,0.0938547103866241,-1.21766190641924,-7.3284226301032325,4.989136353769884,-2.025772762819835,"21318"
"JP Sears","OAK","SP/RP",585.97998046875,53.2,-2.32820645170831,-4.306004021185747,-0.5186062885858789,1.00591521244878,-1.21766190641924,-7.364563455450398,4.989136353769884,-2.0619135881669997,"23429"
"Brent Honeywell","SDP","RP",742.7100219726562,26.2,-0.634965395920448,-0.6389987423903059,-0.9664423412245997,-1.1982310008681,-0.326360400386415,-3.7649978807898643,1.358769708298282,-2.0927146589780685,"16466"
"Joey Lucchesi","NYM","SP",748.489990234375,22.1,-1.48158592381438,-1.5418344641269688,-1.5417091884976188,-1.65426125189917,-1.21766190641924,-7.43705273475738,4.989136353769884,-2.1344028674739826,"19320"
"Brad Hand","COL","RP",700.3599853515625,18.2,-0.634965395920448,-0.4647769200648505,-0.8575811645497565,-0.970215875352557,-0.920561404408299,-3.8481007602959103,1.358769708298282,-2.175817538484115,"9111"
"Scott Barlow","KCR","RP",131.19000244140625,19,-1.48158592381438,-1.1468736443198717,-0.8926228132042899,-0.894210833514044,0.564941105646412,-3.850352109206171,1.358769708298282,-2.178068887394376,"14993"
"Adam Ottavino","NYM","RP",456.1600036621094,19.2,-2.32820645170831,-1.512890190671209,-0.35788796324235583,-1.42624612638363,1.75334311369018,-3.8718876183153266,1.358769708298282,-2.1996043965035312,"1247"
"Griffin Canning","LAA","SP",614.6900024414062,36.1,0.211655131973483,-3.3129165239068623,-2.5172650964051666,-0.666195707998505,-1.21766190641924,-7.502384102756294,4.989136353769884,-2.1997342354728957,"19867"
"Jose Hernandez","PIT","RP",999,19.2,-2.32820645170831,0.05104968409553644,0.3667720580165929,-1.35024108454512,-0.623460902397357,-3.8840866965386573,1.358769708298282,-2.2118034747268625,"22318"
"Nestor Cortes","NYY","SP",120.37000274658203,54.1,1.05827565986741,-5.7575867097704885,-2.7018144088186533,1.08192025428729,-1.21766190641924,-7.536867110853678,4.989136353769884,-2.234217243570281,"17874"
"Alex Young","CIN","RP",999,20.1,-2.32820645170831,-0.22757786029762422,-0.6086688677552227,-1.04622091719107,0.26784060363547,-3.9428334933167557,1.358769708298282,-2.27055027150496,"18333"
"Nate Pearson","TOR","RP",594.010009765625,14,-1.48158592381438,0.5748279904867438,-0.2508953942858448,-1.88227637741471,-0.920561404408299,-3.9604911094364903,1.358769708298282,-2.2882078876246945,"20160"
"Yohan Ramirez","PIT","RP",999,18,-2.32820645170831,1.0741945323615458,-0.4261026528330915,-1.42624612638363,-0.920561404408299,-4.026922102971788,1.358769708298282,-2.3546388811599925,"19444"
"Kenley Jansen","BOS","RP",74.56999969482422,14.2,-1.48158592381438,-0.5731586123062276,-2.1316941947017622,-1.65426125189917,1.75334311369018,-4.087356869031361,1.358769708298282,-2.415073647219565,"3096"
"Kyle Bradish","BAL","SP",317.6300048828125,37.1,-0.634965395920448,-2.406104951054789,-2.983785256776365,-0.514185624321479,-1.21766190641924,-7.756703134492325,4.989136353769884,-2.454053267208926,"24586"
"Matt Brash","SEA","RP",491.6600036621094,21,0.211655131973483,-1.6791603107658437,-3.0334298360449345,0.0938547103866241,0.26784060363547,-4.139239700815202,1.358769708298282,-2.4669564790034064,"25756"
"Kyle Finnegan","WSN","RP",218.83999633789062,20,-1.48158592381438,-1.4130169775428578,-2.5669096756737364,-1.42624612638363,2.64464461972301,-4.243114083691599,1.358769708298282,-2.570830861879803,"15009"
"Zach Jackson","OAK","RP",665,18,-0.634965395920448,0.29222459497817294,-2.116976035770638,-1.1982310008681,-0.623460902397357,-4.2814087399783665,1.358769708298282,-2.6091255181665707,"19493"
"Taylor Clarke","KCR","RP",750.8699951171875,23.2,-1.48158592381438,-0.6225386801047208,-1.7408619238878507,-0.742200749837018,0.26784060363547,-4.319346674008498,1.358769708298282,-2.6470634521967025,"17611"
"Daniel Bard","COL","RP",134.0800018310547,13,-1.48158592381438,1.2319562924014158,-0.7505885955932446,-2.18629654476876,-1.21766190641924,-4.4041766781942115,1.358769708298282,-2.731893456382416,"7115"
"Hunter Gaddis","CLE","SP",723.4199829101562,25.2,-1.48158592381438,-2.718765221317438,-0.9830288616927002,-1.65426125189917,-1.21766190641924,-8.05530316514293,4.989136353769884,-2.752653297859534,"25636"
"Garrett Cleavinger","TBR","RP",683.2899780273438,12,-1.48158592381438,-0.06584024914234354,0.19903824561725303,-1.88227637741471,-1.21766190641924,-4.448326211173422,1.358769708298282,-2.7760429893616263,"17897"
"Jose Butto","NYM","SP",999,12,-2.32820645170831,-0.06584024914234354,-1.9749418181595932,-2.56632175396133,-1.21766190641924,-8.152972179390815,4.989136353769884,-2.8503223121074175,"23313"
"Colin Rea","MIL","SP",999,36.1,-1.48158592381438,-2.9219315552151754,-1.7926050751462181,-0.742200749837018,-1.21766190641924,-8.15598521043203,4.989136353769884,-2.8533353431486335,"12317"
"Dylan Cease","CHW","SP",48.099998474121094,58.2,0.211655131973483,-4.463765781225618,-4.300527132959768,1.61395554715688,-1.21766190641924,-8.156344141474262,4.989136353769884,-2.853694274190865,"18525"
"Richard Lovelady","OAK","RP",750.280029296875,14.1,-2.32820645170831,0.196327232965232,0.016472030695121893,-1.8062713355762,-0.623460902397357,-4.545139426021511,1.358769708298282,-2.872856204209715,"19337"
"Lucas Sims","CIN","RP",680.0800170898438,15.1,-1.48158592381438,-0.8517860376411268,-0.6916014700957261,-1.50225116822215,-0.0292598983754723,-4.556484498148851,1.358769708298282,-2.8842012763370555,"13470"
"Sandy Alcantara","MIA","SP",29.709999084472656,63,-0.634965395920448,-5.428465900989209,-2.3367959763847024,1.38594042164134,-1.21766190641924,-8.231948758072257,4.989136353769884,-2.9292988907888593,"18684"
"Luis Ortiz","PIT","SP",487.3399963378906,15.2,-1.48158592381438,-0.8393019455292136,-2.356661014653312,-2.33830662844579,-1.21766190641924,-8.233517418861934,4.989136353769884,-2.9308675515785367,"27646"
"Garrett Whitlock","BOS","SP/RP",298.6499938964844,16,-1.48158592381438,-2.303368488109346,-1.1839357150282417,-2.11029150293025,-1.21766190641924,-8.296843536301457,4.989136353769884,-2.994193669018061,"20191"
"Gregory Santos","CHW","RP",999,25.2,-1.48158592381438,0.4091145282160526,-1.7076888829516492,-0.970215875352557,-0.920561404408299,-4.670937558310831,1.358769708298282,-2.9986543364990355,"21894"
"Dean Kremer","BAL","SP",492.94000244140625,52.2,1.90489618776134,-4.0398606879627605,-5.366259617446971,0.321869835902163,-1.21766190641924,-8.397016188165466,4.989136353769884,-3.0943663208820693,"19350"
"Zack Greinke","KCR","SP",561.489990234375,57.1,-1.48158592381438,-4.210106897289329,-1.6858414857357527,0.169859752225137,-1.21766190641924,-8.425336461033565,4.989136353769884,-3.122686593750167,"1943"
"Kevin Kelly","TBR","RP",999,25,0.211655131973483,-1.5707787375827278,-2.4839770733332323,-1.57825621006066,0.564941105646412,-4.856415783356725,1.358769708298282,-3.1841325615449296,"25679"
"Jared Shuster","ATL","SP",456.8999938964844,25.1,-1.48158592381438,-2.7312494324876124,-1.7335029675129658,-1.42624612638363,-1.21766190641924,-8.59024635661783,4.989136353769884,-3.2875964893344345,"27472"
"Gregory Soto","PHI","RP",497.489990234375,22,-1.48158592381438,-2.727273581372202,-1.325969932639287,-0.894210833514044,1.45624261167924,-4.972797659660673,1.358769708298282,-3.3005144378488764,"19677"
"Mason Thompson","WSN","RP",750.5599975585938,25.1,-0.634965395920448,-1.5582945264125534,-1.0088429462540174,-1.1982310008681,-0.623460902397357,-5.023794771852471,1.358769708298282,-3.351511550040675,"21850"
"Kevin Ginkel","ARI","RP",555.3300170898438,23.1,-1.48158592381438,-0.2440379225832093,-1.0420159871902186,-1.35024108454512,-0.920561404408299,-5.038442322541226,1.358769708298282,-3.3661591007294307,"19876"
"Edward Cabrera","MIA","SP",218.6999969482422,46.1,0.211655131973483,-4.410409981369975,-5.008486636340304,1.6899605889954,-1.21766190641924,-8.734942803160644,4.989136353769884,-3.4322929358772463,"21690"
"Emilio Pagan","MIN","RP",737.030029296875,21.2,0.211655131973483,-1.6541918884254943,-1.2909282839847527,-1.1982310008681,-1.21766190641924,-5.149357947724101,1.358769708298282,-3.4770747259123054,"14771"
"Xzavion Curry","CLE","RP",750.2100219726562,25.1,-2.32820645170831,0.39663031704587837,-0.5257362654147183,-1.50225116822215,-1.21766190641924,-5.177225474718537,1.358769708298282,-3.5049422529067416,"25595"
"Kirby Yates","ATL","RP",738.8300170898438,17.2,-1.48158592381438,-0.5896185555335512,-1.598827706276806,-1.1982310008681,-0.326360400386415,-5.194623586879246,1.358769708298282,-3.52234036506745,"9073"
"Andre Pallante","STL","RP",741.3900146484375,19,-0.634965395920448,-1.1468736443198717,-1.375729494043589,-1.73026629373769,-0.326360400386415,-5.214195228408009,1.358769708298282,-3.5419120065962137,"26108"
"Tommy Henry","ARI","SP",999,32.2,-0.634965395920448,-2.626843710419907,-2.7993499417731917,-1.57825621006066,-1.21766190641924,-8.857077164593449,4.989136353769884,-3.5544272973100504,"26285"
"Hayden Wesneski","CHC","SP",285.29998779296875,39.1,-0.634965395920448,-3.7203615548841333,-2.4675055350008646,-0.818205791675531,-1.21766190641924,-8.858700183900217,4.989136353769884,-3.5560503166168185,"27581"
"Albert Abreu","NYY","RP",748.8800048828125,25.2,-0.634965395920448,-1.1548253465506928,-2.190795563790948,-0.970215875352557,-0.326360400386415,-5.277162582001061,1.358769708298282,-3.604879360189265,"17485"
"Keegan Thompson","CHC","RP",628.7999877929688,21.1,-0.634965395920448,-1.2756911309039827,-1.3167423685460706,-1.73026629373769,-0.326360400386415,-5.284025589494602,1.358769708298282,-3.6117423676828064,"19795"
"Mike Clevinger","CHW","SP",383.7300109863281,47.1,0.211655131973483,-3.5035984085179024,-4.5087934350329055,0.0938547103866241,-1.21766190641924,-8.924543907609943,4.989136353769884,-3.6218940403265454,"12808"
"Elvis Peguero","MIL","RP",999,16.2,-2.32820645170831,-0.32347522231056514,-0.16609418422700922,-1.88227637741471,-0.623460902397357,-5.323513138057952,1.358769708298282,-3.651229916246157,"21652"
"Joe Musgrove","SDP","SP",98.4800033569336,30.1,-0.634965395920448,-3.670981129910856,-2.8583370672707096,-0.590190666159992,-1.21766190641924,-8.972136165681246,4.989136353769884,-3.6694862983978482,"12970"
"Miles Mikolas","STL","SP",229.2100067138672,61.2,0.211655131973483,-3.6982559061278297,-4.975427592814413,0.701895045094727,-1.21766190641924,-8.977795228293276,4.989136353769884,-3.675145361009879,"9803"
"Luis Garcia","SDP","RP",725.1500244140625,19.1,-1.48158592381438,-1.5253744018413837,-1.8330220903215713,-1.42624612638363,0.862041607657354,-5.404186934703614,1.358769708298282,-3.731903712891818,"6984"
"Roansy Contreras","PIT","SP",299.7300109863281,50,0.211655131973483,-3.532542443857138,-4.243294125407559,-0.28617049880594,-1.21766190641924,-9.068013842516395,4.989136353769884,-3.7653639752329986,"22810"
"Taylor Rogers","SFG","RP",329.07000732421875,16.1,-1.48158592381438,-1.1179293708641123,-1.1581216304669246,-1.73026629373769,-0.0292598983754723,-5.517163117258574,1.358769708298282,-3.8448798954467773,"13449"
"Austin Voth","BAL","RP",733.1599731445312,26.1,-1.48158592381438,-1.4334528909438529,-1.2338097662055663,-1.04622091719107,-0.326360400386415,-5.521429898541282,1.358769708298282,-3.8491466767294864,"15047"
"Seranthony Dominguez","PHI","RP",237.16000366210938,20,-1.48158592381438,-1.0220320088511716,-2.325356335254087,-1.27423604270661,0.564941105646412,-5.538269204979833,1.358769708298282,-3.8659859831680365,"19249"
"Trevor Richards","TOR","RP",749.239990234375,21,-2.32820645170831,-0.8971903733824709,-1.1010031126877382,-0.590190666159992,-0.623460902397357,-5.5400515063358675,1.358769708298282,-3.8677682845240713,"19309"
"Josh Sborz","TEX","RP",750.52001953125,16,-1.48158592381438,-1.5213985507259733,-0.9423823746085922,-1.35024108454512,-0.326360400386415,-5.6219683340804805,1.358769708298282,-3.949685112268685,"18323"
"Braxton Garrett","MIA","SP",429.54998779296875,48,-1.48158592381438,-3.3912407461028535,-3.793360485504461,0.625890003256214,-1.21766190641924,-9.257959058584719,4.989136353769884,-3.9553091913013216,"21844"
"Matt Barnes","MIA","RP",573.5999755859375,20.1,-1.48158592381438,-0.6185628289893107,-1.3333288890141712,-1.57825621006066,-0.623460902397357,-5.635194754275878,1.358769708298282,-3.9629115324640822,"12863"
"Jose Urquidy","HOU","SP",270.3299865722656,27.2,-0.634965395920448,-2.8600669190717234,-3.365389224952995,-1.1982310008681,-1.21766190641924,-9.276314447232505,4.989136353769884,-3.9736645799491055,"18413"
"Jake Irvin","WSN","SP",999,22,-1.48158592381438,-2.336288612680516,-2.7752899751571847,-1.50225116822215,-1.21766190641924,-9.313077586293467,4.989136353769884,-4.0104277190100674,"21504"
"Robert Stephenson","PIT","RP",744.4000244140625,12.1,-2.32820645170831,-0.8353259753555415,-1.2244677123393273,-1.88227637741471,0.564941105646412,-5.705335411171479,1.358769708298282,-4.033052189359683,"13594"
"Javier Assad","CHC","SP",715.52001953125,21.2,-2.32820645170831,-2.045176857117181,-2.0155883052437016,-1.8062713355762,-1.21766190641924,-9.412904856064632,4.989136353769884,-4.110254988781233,"21741"
"Noah Davis","COL","SP",999,11.2,-2.32820645170831,-1.7296534560957015,-2.1814537561060647,-2.03428646109174,-1.21766190641924,-9.491262031421053,4.989136353769884,-4.188612164137656,"25862"
"Ryne Stanek","HOU","RP",748.2000122070312,16.1,-0.634965395920448,-0.7269444021724262,-1.8827816517258733,-1.73026629373769,-0.920561404408299,-5.895519147964732,1.358769708298282,-4.223235926152937,"15947"
"Ryan Yarbrough","KCR","SP/RP",671.530029296875,26.1,-1.48158592381438,-3.7793627030939714,-1.475363106625216,-1.88227637741471,-0.920561404408299,-9.539149515356577,4.989136353769884,-4.23649964807318,"16502"
"Tim Hill","SDP","RP",749.3300170898438,21.2,-1.48158592381438,-1.263206919733808,-1.7740349648240519,-1.95828141925322,0.564941105646412,-5.912168121979049,1.358769708298282,-4.2398849001672545,"16814"
"Griffin Jax","MIN","RP",595.6599731445312,21.1,-0.634965395920448,-2.0576610682873553,-2.7660624110639684,-1.04622091719107,0.564941105646412,-5.939968686816429,1.358769708298282,-4.267685465004632,"20253"
"Sam Moll","OAK","RP",999,18.2,-2.32820645170831,-1.6377318261399096,-0.37447448371045744,-1.57825621006066,-0.0292598983754723,-5.947928869994808,1.358769708298282,-4.275645648183011,"14874"
"Luis Medina","OAK","SP",999,22.1,-2.32820645170831,-3.4967593075854015,-1.0586025076583196,-1.50225116822215,-1.21766190641924,-9.603481341593417,4.989136353769884,-4.300831474310019,"21649"
"Chasen Shreve","DET","RP",999,18.1,-1.48158592381438,-1.650216037310084,-1.6080552703700226,-1.57825621006066,0.26784060363547,-6.0502728379196755,1.358769708298282,-4.37798961610788,"10855"
"Eric Lauer","MIL","SP",291.3399963378906,42.2,1.05827565986741,-4.89729207395808,-4.807464800869032,0.169859752225137,-1.21766190641924,-9.694283369153803,4.989136353769884,-4.391633501870405,"19316"
"Jovani Moran","MIN","RP",738.719970703125,21.2,-2.32820645170831,-1.263206919733808,-1.7740349648240519,-0.970215875352557,0.26784060363547,-6.067823607983257,1.358769708298282,-4.395540386171461,"20422"
"Brennan Bernardino","BOS","RP",999,13.1,-1.48158592381438,-0.319499371195155,-0.966327851451577,-2.11029150293025,-1.21766190641924,-6.095366555810602,1.358769708298282,-4.4230833339988065,"16835"
"Cionel Perez","BAL","RP",654.3300170898438,19.1,-1.48158592381438,-0.3524194957663246,-3.2823421328394686,-1.88227637741471,0.862041607657354,-6.136582322177529,1.358769708298282,-4.464299100365733,"19614"
"Jordan Montgomery","STL","SP",167.72999572753906,55.1,-0.634965395920448,-4.068805199535044,-4.859207952127399,1.00591521244878,-1.21766190641924,-9.77472524155335,4.989136353769884,-4.472075374269953,"16511"
"Domingo Tapia","SDP","RP",999,11.1,-2.32820645170831,-0.17819767344086956,-0.9995008923877786,-2.03428646109174,-0.623460902397357,-6.1636523810260515,1.358769708298282,-4.491369159214256,"12178"
"Collin McHugh","ATL","RP",671.260009765625,19.1,-0.634965395920448,0.03856547292536182,-3.5238954732591186,-2.11029150293025,-0.0292598983754723,-6.259846797559928,1.358769708298282,-4.587563575748131,"7531"
"Hoby Milner","MIL","RP",999,19.2,-2.32820645170831,-1.1219052219795225,-1.0825479845013046,-1.73026629373769,-0.0292598983754723,-6.292185850302295,1.358769708298282,-4.6199026284904985,"13346"
"Sammy Long","OAK","RP",750.25,15.1,-2.32820645170831,-0.4608010689494404,-0.208494789256427,-2.11029150293025,-1.21766190641924,-6.325455719263669,1.358769708298282,-4.653172497451872,"25379"
"Jonathan Hernandez","TEX","RP",592.030029296875,18.2,-1.48158592381438,-2.810686732214969,-1.8237945262283548,-1.42624612638363,1.1591421096683,-6.383171198973039,1.358769708298282,-4.710887977161242,"17464"
"Adam Wainwright","STL","SP",394.3299865722656,21.1,-0.634965395920448,-3.230615974362415,-2.7660624110639684,-2.18629654476876,-1.21766190641924,-10.035602232534835,4.989136353769884,-4.732952365251437,"2233"
"Austin Pruitt","OAK","RP",999,11.2,-1.48158592381438,-0.1657135813289563,-1.4567937348471163,-2.4143116702843,-0.920561404408299,-6.438966314683053,1.358769708298282,-4.766683092871256,"15290"
"Seth Lugo","SDP","RP",462.5299987792969,41.2,0.211655131973483,-2.2852389285849752,-3.133177938399585,-0.0581553732904018,-1.21766190641924,-6.482579014720722,1.358769708298282,-4.810295792908925,"12447"
"Peyton Battenfield","CLE","SP",999,34.2,-2.32820645170831,-3.5501153455575656,-2.283070219997691,-0.894210833514044,-1.21766190641924,-10.273264757196852,4.989136353769884,-4.9706148899134535,"25777"
"Seth Martinez","HOU","RP",999,18.2,-1.48158592381438,-1.2467468574482232,-1.5822411858087053,-1.42624612638363,-0.920561404408299,-6.65738149786324,1.358769708298282,-4.985098276051445,"21045"
"Jimmy Herget","LAA","RP",359.17999267578125,12.1,-2.32820645170831,-0.8353259753555415,-1.2244677123393273,-2.26230158660728,-0.0292598983754723,-6.679561624385927,1.358769708298282,-5.00727840257413,"17556"
"Huascar Brazoban","MIA","RP",999,26.2,-2.32820645170831,-1.4209686797736785,-3.1404224050014458,-0.666195707998505,0.862041607657354,-6.693751636824584,1.358769708298282,-5.021468415012787,"6107"
"Jakob Junis","SFG","RP",666.02001953125,28.1,0.211655131973483,-1.5747545886981384,-4.09927681030516,-0.438180582482966,-0.920561404408299,-6.821118253921082,1.358769708298282,-5.148835032109286,"13619"
"Jose Cuas","KCR","RP",999,22.2,0.211655131973483,-2.311320190340167,-3.206768486873849,-0.666195707998505,-0.920561404408299,-6.893190657647338,1.358769708298282,-5.220907435835541,"17701"
"Justin Bruihl","LAD","RP",999,14.1,-1.48158592381438,-1.3676126418015135,-1.191294671403126,-1.95828141925322,-0.920561404408299,-6.919336060680542,1.358769708298282,-5.247052838868746,"23779"
"Jhony Brito","NYY","SP",999,40.1,0.211655131973483,-4.768474825490492,-4.1417923974703115,-0.666195707998505,-1.21766190641924,-10.582469705405067,4.989136353769884,-5.279819838121669,"25386"
"Cole Ragans","TEX","RP",999,19.1,-0.634965395920448,-2.3073443392247563,-1.5914687499019213,-1.50225116822215,-0.920561404408299,-6.9565910576775725,1.358769708298282,-5.284307835865777,"21846"
"Cal Quantrill","CLE","SP",330.9100036621094,55,-0.634965395920448,-4.472274141280383,-3.6772548422277556,-0.590190666159992,-1.21766190641924,-10.59234695200782,4.989136353769884,-5.289697084724421,"19312"
"John Curtiss","NYM","RP",750.6099853515625,13,-2.32820645170831,-1.1139535197487023,-0.509035255173595,-2.4143116702843,-0.623460902397357,-6.988967799312266,1.358769708298282,-5.316684577500469,"16128"
"Devin Smeltzer","MIA","SP",999,15.2,-2.32820645170831,-2.794226788987645,-2.115107674233662,-2.18629654476876,-1.21766190641924,-10.641499366117621,4.989136353769884,-5.3388494988342226,"19487"
"Kyle Wright","ATL","SP",153.72999572753906,18.2,-2.32820645170831,-2.4197017635232827,-3.273114568746253,-1.42624612638363,-1.21766190641924,-10.664930816780718,4.989136353769884,-5.36228094949732,"19665"
"Johan Oviedo","PIT","SP/RP",637.5700073242188,53.2,0.211655131973483,-4.306004021185747,-6.07433311823782,0.701895045094727,-1.21766190641924,-10.6844488687746,4.989136353769884,-5.381799001491202,"22487"
"Zack Thompson","STL","RP",749.5700073242188,11.2,-1.48158592381438,-0.947683518712329,-2.1814537561060647,-1.57825621006066,-0.920561404408299,-7.109540813101731,1.358769708298282,-5.437257591289935,"25918"
"Ryan Thompson","TBR","RP",999,15,-1.48158592381438,-2.428210123578047,-0.7174155546570432,-2.26230158660728,-0.326360400386415,-7.21587358904316,1.358769708298282,-5.543590367231364,"16647"
"Tristan Beck","SFG","RP",999,23.1,-2.32820645170831,-1.8079777973499547,-1.0420159871902186,-1.42624612638363,-0.623460902397357,-7.227907265029474,1.358769708298282,-5.555624043217677,"21584"
"Zach Pop","TOR","RP",999,13.2,-1.48158592381438,-2.2619401225416738,-0.698960672651966,-1.88227637741471,-0.920561404408299,-7.245324500831029,1.358769708298282,-5.5730412790192325,"20185"
"Jose Leclerc","TEX","RP",174.00999450683594,14.1,-2.32820645170831,-0.5856427044181408,-1.9159546926620747,-1.8062713355762,-0.623460902397357,-7.25953608676208,1.358769708298282,-5.587252864950284,"14524"
"Dylan Dodd","ATL","SP",999,20.1,-0.634965395920448,-3.3554576098311157,-3.5073089527910173,-2.18629654476876,-1.21766190641924,-10.901690409730586,4.989136353769884,-5.599040542447186,"29928"
"Tanner Houck","BOS","RP",389.0299987792969,48.2,0.211655131973483,-4.5392272298375635,-2.2924122738639294,0.549884961417702,-1.21766190641924,-7.28776131672955,1.358769708298282,-5.615478094917755,"19879"
"Jimmy Lambert","CHW","RP",999,20.1,-0.634965395920448,-2.182502703756056,-3.0242022719517183,-1.12222595902958,-0.326360400386415,-7.290256731044219,1.358769708298282,-5.6179735092324234,"19541"
"Joe Jimenez","ATL","RP",571.969970703125,16.2,-2.32820645170831,-1.4964301283856243,-1.6154142267449065,-1.27423604270661,-0.623460902397357,-7.337747751942804,1.358769708298282,-5.665464530131009,"15761"
"Josh Staumont","KCR","RP",746.219970703125,16.1,-2.32820645170831,-1.508914339555799,-1.1581216304669246,-1.42624612638363,-0.920561404408299,-7.3420499525229665,1.358769708298282,-5.669766730711171,"18335"
"A.J. Minter","ATL","RP",393.4700012207031,23,-0.634965395920448,-4.5573567893619344,-2.2755967738497844,-0.742200749837018,0.862041607657354,-7.34807810131183,1.358769708298282,-5.675794879500034,"18655"
"Carlos Carrasco","NYM","SP",289.7300109863281,25.1,-1.48158592381438,-4.2951893072543585,-2.2166096483522653,-1.8062713355762,-1.21766190641924,-11.017318121416443,4.989136353769884,-5.714668254133045,"6632"
"Genesis Cabrera","STL","RP",999,19.1,-1.48158592381438,-1.91635937053307,-2.55768211158052,-0.818205791675531,-0.623460902397357,-7.397294100000857,1.358769708298282,-5.725010878189061,"17490"
"Patrick Corbin","WSN","SP",647.2999877929688,62.2,1.05827565986741,-5.528339114117561,-5.4419477531856115,0.0938547103866241,-1.21766190641924,-11.035818403468376,4.989136353769884,-5.733168536184977,"9323"
"Reynaldo Lopez","CHW","RP",316.7099914550781,21.1,-2.32820645170831,-3.230615974362415,-2.282955730224669,-0.742200749837018,1.1591421096683,-7.424836796464114,1.358769708298282,-5.752553574652319,"16400"
"Marco Gonzales","SEA","SP",513.030029296875,44.1,1.05827565986741,-5.4420631896907485,-4.800106336856857,-0.666195707998505,-1.21766190641924,-11.06775148109794,4.989136353769884,-5.765101613814542,"15467"
"Peter Lambert","COL","RP",999,13,-2.32820645170831,-1.8959234571320749,-0.2674819147539454,-1.73026629373769,-1.21766190641924,-7.439540023751257,1.358769708298282,-5.767256801939462,"17969"
"Jordan Hicks","STL","RP",660.52001953125,20.2,-2.32820645170831,-1.7790335238941948,-2.998388187390401,-0.438180582482966,-0.0292598983754723,-7.573068643851344,1.358769708298282,-5.900785422039548,"19618"
"Adam Cimber","TOR","RP",738.3499755859375,12,-2.32820645170831,-0.8478101865257163,-1.008728456480995,-2.49031671212282,-0.920561404408299,-7.595623211246135,1.358769708298282,-5.92333998943434,"15288"
"Taijuan Walker","PHI","SP",318.1300048828125,53.1,1.05827565986741,-6.2734133139308765,-5.13393433348325,0.321869835902163,-1.21766190641924,-11.244864058063792,4.989136353769884,-5.942214190780392,"11836"
"Ranger Suarez","PHI","SP",354.7099914550781,11,-2.32820645170831,-3.318561634144536,-2.4746350194669935,-1.95828141925322,-1.21766190641924,-11.297346430992306,4.989136353769884,-5.994696563708907,"17277"
"Sean Manaea","SFG","SP",286.30999755859375,32.2,-0.634965395920448,-5.363738491261712,-4.4902233247107395,0.397874877740676,-1.21766190641924,-11.308714240571465,4.989136353769884,-6.0060643732880665,"15873"
"Brandon Bielak","HOU","RP",999,25.1,-1.48158592381438,-0.7763245890291807,-2.941269669611214,-1.27423604270661,-1.21766190641924,-7.691078131580623,1.358769708298282,-6.018794909768827,"19866"
"Nick Pivetta","BOS","SP",410.3299865722656,45.1,0.211655131973483,-6.490176460297108,-4.541966475969106,0.701895045094727,-1.21766190641924,-11.336254665617247,4.989136353769884,-6.033604798333847,"15454"
"Yimi Garcia","TOR","RP",733.8099975585938,22.2,-1.48158592381438,-3.4842750964152263,-2.723661806034549,-0.894210833514044,0.862041607657354,-7.721692052120843,1.358769708298282,-6.049408830309048,"12095"
"Duane Underwood Jr.","PIT","RP",747.27001953125,24.1,-1.48158592381438,-2.465106099264627,-2.233196168820366,-1.88227637741471,0.26784060363547,-7.794323965678614,1.358769708298282,-6.122040743866818,"14677"
"Andrew Bellatti","PHI","RP",749.1799926757812,12.2,-1.48158592381438,-1.6048118206270012,-1.9233138952183146,-1.88227637741471,-0.920561404408299,-7.812549421482706,1.358769708298282,-6.1402661996709105,"10657"
"Reid Detmers","LAA","SP",178.8699951171875,45.2,-2.32820645170831,-4.131782198860292,-5.240811920304026,1.46194546347986,-1.21766190641924,-11.456517013812013,4.989136353769884,-6.153867146528613,"27468"
"Ryne Nelson","ARI","SP",448.3299865722656,52,-1.48158592381438,-4.846799047686484,-3.727014403632058,-0.210165456967428,-1.21766190641924,-11.483226738519589,4.989136353769884,-6.18057687123619,"26253"
"Jack Flaherty","STL","SP",227.3000030517578,51,0.211655131973483,-5.36262565184687,-6.400687668716304,1.1579252961258,-1.21766190641924,-11.61139479888313,4.989136353769884,-6.3087449315997315,"17479"
"Thad Ward","WSN","RP",740.989990234375,17.2,-2.32820645170831,-1.371588492916924,-1.3572743658571562,-1.73026629373769,-1.21766190641924,-8.004997510639315,1.358769708298282,-6.33271428882752,"21513"
"Brad Boxberger","CHC","RP",470.8800048828125,14.2,-2.32820645170831,-1.7461135183812866,-1.6485875138624633,-1.95828141925322,-0.326360400386415,-8.007549303591698,1.358769708298282,-6.335266081779904,"10133"
"Josh Fleming","TBR","RP",701.7999877929688,42.2,-1.48158592381438,-1.378427355732902,-2.633484737092185,-1.35024108454512,-1.21766190641924,-8.061401007603829,1.358769708298282,-6.389117785792033,"20418"
"Fernando Cruz","CIN","RP",999,14.2,-1.48158592381438,-2.137098487072973,-1.8901408542821128,-1.35024108454512,-1.21766190641924,-8.076728256133826,1.358769708298282,-6.404445034322032,"7048"
"Richard Bleier","BOS","RP",999,20,-1.48158592381438,-2.5859718836179173,-1.3591429735754883,-2.03428646109174,-0.623460902397357,-8.084448144496877,1.358769708298282,-6.412164922685082,"7803"
"Lance Lynn","CHW","SP",129.80999755859375,63.1,1.05827565986741,-8.152876708777363,-5.934282490480841,2.52601604921904,-1.21766190641924,-11.720529396590994,4.989136353769884,-6.417879529307596,"2520"
"Anthony Bass","TOR","RP",728.8099975585938,16,-2.32820645170831,-1.5213985507259733,-1.6670423958675409,-1.73026629373769,-0.920561404408299,-8.16747509644781,1.358769708298282,-6.495191874636013,"7982"
"Kenta Maeda","MIN","SP",318.54998779296875,16,-2.32820645170831,-4.258293331567778,-2.15014907670684,-1.88227637741471,-1.21766190641924,-11.83658714381688,4.989136353769884,-6.533937276533482,"18498"
"Bryan Hoeing","MIA","RP",999,17.2,-2.32820645170831,-0.9806035242252376,-2.0819343871161053,-1.95828141925322,-0.920561404408299,-8.269587186711176,1.358769708298282,-6.59730396489938,"26304"
"Michael Grove","LAD","SP",652.9600219726562,16,-2.32820645170831,-3.8673083628760927,-2.6332557575461393,-1.88227637741471,-1.21766190641924,-11.928708855964496,4.989136353769884,-6.626058988681096,"23221"
"Julian Merryweather","CHC","RP",727.8099975585938,19.2,-2.32820645170831,-1.9038751593628955,-1.8072080057602533,-1.04622091719107,-1.21766190641924,-8.303172440441768,1.358769708298282,-6.630889218629974,"16703"
"Phil Bickford","LAD","RP",999,23,-1.48158592381438,-2.9934169145951883,-2.5171501142694344,-0.742200749837018,-0.623460902397357,-8.357814604913374,1.358769708298282,-6.685531383101581,"18519"
"Bailey Falter","PHI","SP",414.6199951171875,40.1,-2.32820645170831,-3.986504888107119,-3.658685716631012,-0.818205791675531,-1.21766190641924,-12.009264754541212,4.989136353769884,-6.706614887257814,"20070"
"Nick Lodolo","CIN","SP",131.92999267578125,34.1,-0.634965395920448,-5.126539669611009,-5.6906315627968125,0.625890003256214,-1.21766190641924,-12.043908531491297,4.989136353769884,-6.741258664207898,"26378"
"Blake Snell","SDP","SP",107.29000091552734,50,-1.48158592381438,-4.705497349932197,-5.934167508345106,1.1579252961258,-1.21766190641924,-12.18098739238512,4.989136353769884,-6.878337525101722,"13543"
"Jorge Alcala","MIN","RP",726.3300170898438,15.1,-2.32820645170831,-2.415725912407872,-1.1747081509350252,-2.03428646109174,-0.623460902397357,-8.5763878785403,1.358769708298282,-6.904104656728506,"19459"
"Ronel Blanco","HOU","RP",999,12,-2.32820645170831,-0.8478101865257163,-2.458048498998892,-1.73026629373769,-1.21766190641924,-8.581993337389846,1.358769708298282,-6.90971011557805,"19407"
"Stephen Nogosek","NYM","RP",999,20.1,-2.32820645170831,-1.4005327663726832,-2.2995422506927694,-1.35024108454512,-1.21766190641924,-8.596184459738124,1.358769708298282,-6.923901237926329,"19545"
"Andres Machado","WSN","RP",999,14,-2.32820645170831,-2.1620667903550608,-1.217108755964443,-2.11029150293025,-0.920561404408299,-8.738234905366363,1.358769708298282,-7.065951683554567,"14681"
"Mason Englert","DET","RP",744.8300170898438,29.2,-1.48158592381438,-3.001368616826009,-2.3660028223381953,-1.35024108454512,-0.623460902397357,-8.82265934992106,1.358769708298282,-7.150376128109266,"22288"
"Amir Garrett","KCR","RP",999,20,-2.32820645170831,-0.24006207146779884,-3.7746763777719843,-1.27423604270661,-1.21766190641924,-8.834842850073942,1.358769708298282,-7.162559628262147,"14375"
"Pierce Johnson","COL","RP",726.0900268554688,20.2,-2.32820645170831,-3.3429733986609413,-4.206154889488649,-0.742200749837018,1.75334311369018,-8.866192376004737,1.358769708298282,-7.193909154192942,"13435"
"Max Castillo","KCR","RP",999,14,-2.32820645170831,-1.3800968529716882,-1.7002154368037423,-2.26230158660728,-1.21766190641924,-8.888482234510256,1.358769708298282,-7.216199012698463,"21956"
"Cooper Criswell","TBR","RP",999,15.1,-1.48158592381438,-2.415725912407872,-2.1409215126136236,-1.65426125189917,-1.21766190641924,-8.910156507154289,1.358769708298282,-7.237873285342493,"24975"
"Tyler Anderson","LAA","SP",274.8800048828125,48.2,-0.634965395920448,-4.148242261145877,-5.915712380158673,-0.666195707998505,-1.21766190641924,-12.582777651642745,4.989136353769884,-7.2801277843593475,"12880"
"Yency Almonte","LAD","RP",739.0599975585938,21,-0.634965395920448,-4.416055091607649,-2.550323155205635,-1.65426125189917,0.26784060363547,-8.987764290997434,1.358769708298282,-7.31548106918564,"15068"
"Tyler Alexander","DET","RP",750.9000244140625,23,-1.48158592381438,-3.7753868519785607,-1.550936752590836,-1.27423604270661,-0.920561404408299,-9.002706975498684,1.358769708298282,-7.330423753686888,"17735"
"Kaleb Ort","BOS","RP",999,12.1,-1.48158592381438,-2.399265850122287,-2.1906810740179257,-2.03428646109174,-0.920561404408299,-9.02638071345463,1.358769708298282,-7.354097491642834,"20061"
"Cole Irvin","BAL","SP",426.4700012207031,13,-2.32820645170831,-4.241833269282193,-2.924568659370091,-1.95828141925322,-1.21766190641924,-12.670551706033057,4.989136353769884,-7.36790183874966,"19244"
"Josh Taylor","KCR","RP",999,17.2,-1.48158592381438,-3.3265133363753563,-2.0819343871161053,-0.970215875352557,-1.21766190641924,-9.077911429077638,1.358769708298282,-7.405628207265843,"17359"
"Erasmo Ramirez","WSN","RP",750.6500244140625,24.1,-0.634965395920448,-3.247076036648,-2.7163028496596655,-1.95828141925322,-0.623460902397357,-9.180086603878694,1.358769708298282,-7.5078033820669,"10314"
"Ryan Feltner","COL","SP",750.530029296875,35.1,-0.634965395920448,-4.610713065450621,-5.915598382748362,-0.438180582482966,-1.21766190641924,-12.817119333021639,4.989136353769884,-7.51446946573824,"21446"
"Tommy Hunter","NYM","RP",999,20.1,-2.32820645170831,-2.964472641139429,-1.3333288890141712,-1.65426125189917,-0.920561404408299,-9.200830638169382,1.358769708298282,-7.528547416357586,"1157"
"Brad Keller","KCR","SP/RP",643.9199829101562,43.1,0.211655131973483,-2.8300100443176452,-8.439992963619703,-0.590190666159992,-1.21766190641924,-12.866200448543097,4.989136353769884,-7.563550581259698,"15734"
"Tucker Davidson","LAA","RP",699.8400268554688,20,-1.48158592381438,-2.9769568523096033,-2.5669096756737364,-1.35024108454512,-0.920561404408299,-9.29625494075114,1.358769708298282,-7.6239717189393446,"19871"
"Michael Rucker","CHC","RP",999,21,-1.48158592381438,-2.461130248149216,-3.0334298360449345,-1.12222595902958,-1.21766190641924,-9.316033873457354,1.358769708298282,-7.643750651645558,"19454"
"Michael Fulmer","CHC","RP",348.7799987792969,20,-2.32820645170831,-3.7589267896929757,-2.083802994834437,-1.27423604270661,-0.0292598983754723,-9.474432177317802,1.358769708298282,-7.802148955506008,"13218"
"Connor Seabold","COL","SP",999,36.1,-1.48158592381438,-4.876856398673607,-4.691245160182013,-0.894210833514044,-1.21766190641924,-13.161560222603285,4.989136353769884,-7.858910355319886,"19695"
"Corey Kluber","BOS","SP",391.79998779296875,41.2,-0.634965395920448,-6.19508861550184,-4.824051321337132,-0.362175540644453,-1.21766190641924,-13.233942779823115,4.989136353769884,-7.931292912539717,"2429"
"Austin Gomber","COL","SP/RP",731.8900146484375,50,1.05827565986741,-7.833377099465687,-4.726400806246858,-0.590190666159992,-1.21766190641924,-13.309354818424366,4.989136353769884,-8.006704951140968,"16561"
"Graham Ashcraft","CIN","SP",434.0799865722656,53.1,-0.634965395920448,-6.2734133139308765,-5.375487673902899,0.169859752225137,-1.21766190641924,-13.331668537948328,4.989136353769884,-8.02901867066493,"27552"
"Connor Overton","CIN","SP",737.4400024414062,11,-2.32820645170831,-4.100531571527909,-3.4408483811455923,-2.26230158660728,-1.21766190641924,-13.349549897408327,4.989136353769884,-8.04690003012493,"18376"
"Aaron Bummer","CHW","RP",697.3800048828125,16.1,-1.48158592381438,-4.245809120397603,-2.8489950134044717,-1.8062713355762,0.564941105646412,-9.81772028754624,1.358769708298282,-8.145437065734447,"16258"
"Reiver Sanmartin","CIN","RP",747.7899780273438,14,-1.48158592381438,-2.5530517590467467,-2.90798213890199,-1.95828141925322,-0.920561404408299,-9.82146264542464,1.358769708298282,-8.149179423612846,"19754"
"Noah Syndergaard","LAD","SP",298.45001220703125,47.1,-1.48158592381438,-7.02246312674308,-3.301026732934657,-0.438180582482966,-1.21766190641924,-13.460918272394323,4.989136353769884,-8.158268405110926,"11762"
"Luke Weaver","CIN","RP",745.2899780273438,38,-1.48158592381438,-4.2486721320981715,-2.751458988087222,-0.134160415128915,-1.21766190641924,-9.833539365547928,1.358769708298282,-8.161256143736134,"16918"
"Matthew Boyd","DET","RP",371.1300048828125,42.1,0.211655131973483,-5.300761491936464,-3.62551267569481,0.0178496685481112,-1.21766190641924,-9.91443127352892,1.358769708298282,-8.242148051717127,"15440"
"Adrian Martinez","OAK","RP",750.5,23.2,-2.32820645170831,-2.968448492254839,-1.9824152643075001,-1.42624612638363,-1.21766190641924,-9.922978241073524,1.358769708298282,-8.250695019261729,"21023"
"Chris Flexen","SEA","SP/RP",624.1199951171875,31.1,-2.32820645170831,-4.719094400517214,-4.049517248900857,-1.27423604270661,-1.21766190641924,-13.58871605025223,4.989136353769884,-8.286066182968833,"13896"
"Jeurys Familia",,"RP",746.1300048828125,12.2,-2.32820645170831,-1.9957967893186876,-3.1310805973165627,-2.26230158660728,-0.326360400386415,-10.04374582533725,1.358769708298282,-8.371462603525456,"5114"
"Zach Plesac","CLE","SP",538.8900146484375,21.1,-1.48158592381438,-4.403570880437474,-4.698489134421164,-1.88227637741471,-1.21766190641924,-13.68358422250697,4.989136353769884,-8.380934355223573,"19979"
"Andre Jackson","LAD","RP",749.5399780273438,14.2,-2.32820645170831,-3.3100533931480323,-1.6485875138624633,-1.95828141925322,-0.920561404408299,-10.16569018238033,1.358769708298282,-8.493406960568535,"21298"
"Ryan Brasier",,"RP",999,21,-1.48158592381438,-4.025070122915962,-2.550323155205635,-1.57825621006066,-0.623460902397357,-10.258696314393992,1.358769708298282,-8.586413092582198,"5615"
"Calvin Faucher","TBR","RP",747.5800170898438,15.2,-2.32820645170831,-2.403241820295959,-2.356661014653312,-2.03428646109174,-1.21766190641924,-10.340057654168557,1.358769708298282,-8.667774432356762,"20116"
"Rafael Montero","HOU","RP",357.8299865722656,19.2,-1.48158592381438,-3.858800002821327,-3.9811880695370996,-1.1982310008681,-0.0292598983754723,-10.549064895416372,1.358769708298282,-8.876781673604578,"12760"
"Brandon Pfaadt","ARI","SP",999,23.2,-2.32820645170831,-5.705343273096642,-3.4317353068253973,-1.57825621006066,-1.21766190641924,-14.261203148110251,4.989136353769884,-8.958553280826852,"27782"
"Spencer Turnbull","DET","SP",421.6099853515625,31,-1.48158592381438,-5.904533517762448,-4.5584380143014736,-1.12222595902958,-1.21766190641924,-14.284445321327127,4.989136353769884,-8.981795454043727,"16207"
"Ross Stripling","SFG","SP/RP",299.4700012207031,32.1,-2.32820645170831,-6.158192877931781,-4.032931220795467,-0.970215875352557,-1.21766190641924,-14.707208332207358,4.989136353769884,-9.404558464923959,"13273"
"Hobie Harris","WSN","RP",999,18.1,-2.32820645170831,-2.0412010060017707,-3.2989286533075695,-2.26230158660728,-1.21766190641924,-11.148299604044166,1.358769708298282,-9.476016382232372,"18615"
"Jameson Taillon","CHC","SP",244.0800018310547,26.2,-2.32820645170831,-6.112788304073914,-4.348189107099694,-0.894210833514044,-1.21766190641924,-14.901056602815203,4.989136353769884,-9.598406735531803,"11674"
"Chad Kuhl","WSN","SP",745.739990234375,25.2,-2.32820645170831,-5.846644970850929,-4.606328967987444,-1.27423604270661,-0.920561404408299,-14.975977837661592,4.989136353769884,-9.673327970378194,"14975"
"Jake Diekman","TBR","RP",750.3099975585938,15.2,-2.32820645170831,-3.576196726371018,-3.32287437633191,-1.8062713355762,-0.326360400386415,-11.359909290373851,1.358769708298282,-9.687626068562055,"5003"
"Ty Blach","COL","RP",999,11,-2.32820645170831,-2.536591696761162,-2.9577417003062925,-2.64232679579984,-1.21766190641924,-11.682528550994846,1.358769708298282,-10.010245329183052,"14361"
"Jake Woodford","STL","RP",672.219970703125,30,-1.48158592381438,-3.2924803723893445,-4.575024534769575,-1.57825621006066,-1.21766190641924,-12.1450089474532,1.358769708298282,-10.472725725641405,"18674"
"Adam Oller","OAK","SP/RP",999,19.2,-1.48158592381438,-6.204709814971444,-4.947401431215697,-1.95828141925322,-1.21766190641924,-15.809640495673985,4.989136353769884,-10.506990628390588,"20132"
"Jose Ruiz","ARI","RP",999,23.2,-1.48158592381438,-4.141403398329898,-4.156395328084346,-1.1982310008681,-1.21766190641924,-12.19527755751596,1.358769708298282,-10.522994335704166,"14552"
"Javy Guerra","TBR","RP",750.8400268554688,13.1,-2.32820645170831,-2.2744242146535867,-4.348074617326671,-2.26230158660728,-1.21766190641924,-12.430668776715084,1.358769708298282,-10.75838555490329,"17292"
"Drew Rucinski","OAK","SP",624.780029296875,18,-2.32820645170831,-4.790579998013751,-5.257169461226082,-2.49031671212282,-1.21766190641924,-16.0839345294902,4.989136353769884,-10.7812846622068,"12499"
"Clarke Schmidt","NYY","RP",320.05999755859375,50,-0.634965395920448,-5.878452256007256,-6.417274189184405,1.46194546347986,-1.21766190641924,-12.686408284051494,1.358769708298282,-11.0141250622397,"19899"
"Sean Hjelle","SFG","RP",741.9600219726562,13.1,-1.48158592381438,-4.229349058112018,-4.106521276907022,-1.73026629373769,-1.21766190641924,-12.765384458990347,1.358769708298282,-11.093101237178551,"21481"
"Grayson Rodriguez","BAL","SP",999,45.1,-0.634965395920448,-8.836086272447226,-7.1990532205852515,1.30993537980283,-1.21766190641924,-16.577831415569335,4.989136353769884,-11.27518154828594,"24492"
"Jose Urena","WSN","SP",750.1500244140625,18.1,-2.32820645170831,-5.560065724226948,-5.231355376664767,-2.26230158660728,-1.21766190641924,-16.599591045626543,4.989136353769884,-11.296941178343145,"11589"
"Madison Bumgarner",,"SP",642.6900024414062,16.2,-2.32820645170831,-5.406279815302488,-5.480267673459299,-2.18629654476876,-1.21766190641924,-16.618712391658104,4.989136353769884,-11.316062524374704,"5524"
"David Peterson","NYM","SP/RP",340.82000732421875,39,-1.48158592381438,-8.815650120929707,-6.3581725739138655,0.473879919579189,-1.21766190641924,-17.399190605498003,4.989136353769884,-12.096540738214603,"20302"
"Brady Singer","KCR","SP",182.0800018310547,49.1,0.211655131973483,-9.900659605339168,-6.8911537982932005,0.321869835902163,-1.21766190641924,-17.475950342175963,4.989136353769884,-12.173300474892566,"25377"
"Jose Suarez","LAA","SP",374.07000732421875,24.1,-1.48158592381438,-7.156925723564863,-6.339602955954408,-1.35024108454512,-1.21766190641924,-17.54601759429801,4.989136353769884,-12.243367727014613,"19911"
"Steven Matz","STL","SP/RP",318.55999755859375,50.1,-2.32820645170831,-6.256953251645292,-8.323887320343,0.473879919579189,-1.21766190641924,-17.65282901053665,4.989136353769884,-12.350179143253252,"13361"
"Alek Manoah","TOR","SP",67.52999877929688,53.2,-1.48158592381438,-6.260928864644178,-9.456079884112913,0.549884961417702,-1.21766190641924,-17.86637161757301,4.989136353769884,-12.563721750289611,"26410"
"James Kaprielian","OAK","SP",581.1799926757812,33,-2.32820645170831,-8.000760058975166,-6.45769169672247,-0.362175540644453,-1.21766190641924,-18.366495654469638,4.989136353769884,-13.06384578718624,"18331"
"Joey Wentz","DET","SP",624.3400268554688,42.2,-1.48158592381438,-9.198126729566628,-6.25678484338693,-0.28617049880594,-1.21766190641924,-18.44032990199312,4.989136353769884,-13.13768003470972,"19962"
"Peter Solomon","ARI","RP",999,13.1,-2.32820645170831,-5.402303964187078,-3.381861255648073,-2.49031671212282,-1.21766190641924,-14.820350290085516,1.358769708298282,-13.148067068273718,"20476"
"Luis Cessa","COL","SP/RP",722,26,-1.48158592381438,-6.919726663797636,-7.298457361258122,-2.11029150293025,-1.21766190641924,-19.02772335821963,4.989136353769884,-13.72507349093623,"13345"
"Jordan Lyles","KCR","SP",586.02001953125,61.2,-2.32820645170831,-11.908940248653245,-4.733874252394764,0.473879919579189,-1.21766190641924,-19.714802939596368,4.989136353769884,-14.412153072312972,"7593"
"Ken Waldichuk","OAK","SP",398.92999267578125,48.2,-1.48158592381438,-9.622031822829484,-10.746779188551665,0.549884961417702,-1.21766190641924,-22.518173880197068,4.989136353769884,-17.21552401291367,"27681"
"Kyle Muller","OAK","SP",502.07000732421875,47,-1.48158592381438,-10.55381181802191,-10.090333856883452,-0.438180582482966,-1.21766190641924,-23.78157408762195,4.989136353769884,-18.478924220338556,"20167"
"Shintaro Fujinami","OAK","RP",999,27.2,-1.48158592381438,-11.85272119898051,-6.988689331247739,-0.742200749837018,-1.21766190641924,-22.282859110298887,1.358769708298282,-20.61057588848709,"31839"